id,provider,product,geography,provider_type,domains,entities,granularity,coverage_history,interfaces,access_auth,cost,reuse_status,reuse_notes,limits,update_behavior,history_load,incremental_load,keys_and_links,modeling_notes,overlap_notes,priority,access_evidence,connection_status,blockers,references,research_section
GL-001,Eurostat,Eurostat Database and dissemination APIs,multicountry-Europe,international-public,economy; population; labour; trade; health; education; environment,country; region; person-aggregate; enterprise-aggregate,"Dataset cube, often country/year, with sex, age, unit, activity and NUTS region.","EU/EEA, candidates and partners; start varies. Only the latest version is held.",HTML; REST API; SDMX 2.1; SDMX 3.0; JSON-stat; TSV,public,free,open-conditional,Commercial reuse with attribution; exceptions for third-party and non-EU/EFTA/candidate data. Disclose modifications and include the required disclaimer.,Unknown; no explicit numeric quota found in reviewed documentation.,Portal checks for data/structure changes twice daily; frequency varies; prior versions are not retained.,Snapshot dataflows and structures; preserve received-at and raw hash.,Re-read structures and replace affected periods/dataflows; no CDC claim.,ESTAT dataflow/version + full SDMX key; map geo to ISO/NUTS by explicit codelists.,"Observation fact at full cube grain; units, status flags and seasonal adjustment are dimensions. Aggregates and rates are non-additive.",Often republishes national and domain-agency inputs; keep source/flags and do not deduplicate by label.,review-first,documented,not-tested,Confirm dataset-level third-party rights; Define vintage retention,https://ec.europa.eu/eurostat/web/user-guides/data-browser/api-data-access/api-introduction | https://ec.europa.eu/eurostat/web/main/help/copyright-notice,global-public
GL-002,Eurostat,Comext international trade in goods database,multicountry-Europe,international-public,trade; goods; production,country; country-pair; commodity,Reporter/partner/product/flow/period/unit cube; detailed commodity grain varies by table and confidentiality.,Recent and historical EU Member State trade plus some non-EU statistics; table-specific.,HTML; REST API; SDMX 2.1; SDMX 3.0; TSV,public,free,open-conditional,Attribution required; commercial exceptions include Swiss/Liechtenstein-declared trade since 1995 and Austrian CN8; third-party and geographic exclusions also apply.,Unknown; no explicit numeric quota found in reviewed documentation.,Detailed trade is compiled monthly; revisions and confidential/suppressed cells require flags.,Partition full extracts by dataset and period; archive codelists and raw vintages.,Reload recent periods and any changed older partitions after structure checks.,Eurostat DS code + reporter/partner/flow/CN-HS code/period; classification edition is essential.,"Bilateral flow fact. Never sum overlapping product levels, EU aggregates, or mirrored reporter/partner views.","Overlaps UN Comtrade, WTO and UNCTAD; values can differ by valuation, partner attribution, revisions and confidentiality.",review-first,documented,not-tested,Resolve non-EU source rights by table; Plan commodity-classification bridges,https://ec.europa.eu/eurostat/web/user-guides/data-browser/api-data-access/api-introduction | https://ec.europa.eu/eurostat/data/database | https://ec.europa.eu/eurostat/web/main/help/copyright-notice,global-public
GL-003,OECD,OECD Data Explorer and SDMX API,worldwide,international-public,economy; tax; trade; labour; health; education; environment; regional,country; region; person-aggregate; enterprise-aggregate,Dataflow observation at complete SDMX dimensional key; geographic coverage differs sharply by dataset.,"OECD members plus accession, partner and other economies depending on dataflow; history is dataset-specific.",HTML; SDMX REST API; CSV,public; registration encouraged but not required by terms page,free,open-conditional,Commercial use is permitted with attribution unless dataset metadata identifies additional or third-party restrictions.,"Rate limiting is documented, but no numeric threshold was published on the opened page.",Series schedules vary. New dataflow versions may make non-backward-compatible structural changes.,"Snapshot selected dataflows, structures, codelists and attributes by version.",Query recent periods only after structure comparison; replace changed observations.,Agency + dataset + version + SDMX key; map REF_AREA only after inspecting codelist.,"Full-grain fact; retain unit, adjustment, measure and status. OECD aggregates and indexes are non-additive.","May ingest Eurostat, national or other agencies; lineage distinguishes same-looking indicators.",review-first,documented,not-tested,Dataset-level rights scan; Coverage matrix beyond OECD membership; Handle versioned structure breaks,https://www.oecd.org/en/data/insights/data-explainers/2024/09/api.html | https://www.oecd.org/en/about/terms-conditions.html,global-public
GL-004,OECD,Programme for International Student Assessment (PISA) databases,worldwide,international-public,education; skills; survey,student; school; country,"Anonymized student, school-principal and parent response files; derived country indicators also available.",Cycles 2000-2022 are linked; participating economies vary by cycle. 2025 materials are emerging.,bulk-files; HTML; PISA Data Explorer; PDF,public downloads; some tools may have separate access,free,open-conditional,OECD data terms permit reuse unless file metadata says otherwise; verify microdata and third-party instrument rights per cycle.,Unknown; no explicit numeric quota found in reviewed documentation.,Released by assessment cycle; corrections or later files are not documented as a stable revision feed.,"Archive each cycle, codebooks, questionnaires and technical report.",Treat each released/corrected cycle file as replacement; no row-level CDC.,"Cycle + country code + school/student IDs; IDs are survey-specific, not persons across cycles.","Use survey weights, replicate weights and plausible values. Simple means or row counts are statistically invalid.",Country indicators overlap OECD Explorer and UNESCO/World Bank education series but measure different constructs.,specialist,documented,not-tested,Confirm per-cycle file licences; Implement complex-survey methodology before publishing estimates,https://www.oecd.org/en/about/programmes/pisa/pisa-data.html | https://www.oecd.org/en/about/terms-conditions.html,global-public
GL-005,World Bank,World Development Indicators (WDI),worldwide,international-public,development; economy; population; health; education; environment,country; country-group,"Indicator/economy/year, with source-specific metadata and occasional aggregates.","1,400 series for 217 economies and 40+ groups; many indicators exceed 50 years, with uneven gaps.",HTML; DataBank; REST API; CSV bulk; Excel bulk,public,free,dataset-specific,World Bank requires the specific Data Catalog licence to govern dataset/API reuse; generic site terms do not establish blanket commercial rights.,Unknown; no explicit numeric quota found in reviewed documentation.,Bulk files are revised whenever WDI updates; source-series frequencies and revisions vary.,Load full bulk data and metadata; retain download vintage.,Refresh published bulk package or changed indicator-period windows; no CDC.,"World Bank indicator code + economy code + year; map country codes with Bank metadata, not name matching.","Country-indicator-period fact. Units, aggregation method and source notes determine additivity.",Broad downstream compilation overlaps nearly every specialist source; preserve original source and do not prefer WDI blindly.,review-first,documented,not-tested,Capture licence from current catalog record; Decide specialist-source precedence by indicator,https://datatopics.worldbank.org/world-development-indicators/ | https://www.worldbank.org/en/about/legal/terms-of-use-for-datasets,global-public
GL-006,World Bank,Global Economic Monitor (GEM),worldwide,international-public,macroeconomy; markets,country,"Country/market indicator by daily, monthly or quarterly period, series-dependent.",High-frequency macroeconomic and financial indicators; geography and start vary by series.,HTML; DataBank,public,free,dataset-specific,Verify the licence on the exact catalog/download record; World Bank generic terms incorporate dataset-specific terms and limit other materials.,Unknown; no explicit numeric quota found in reviewed documentation.,Frequent series updates and revisions; no product-wide schedule established.,Archive complete named releases with metadata and vintage.,Reload a named release or affected period after publication; no CDC.,Use published economy and indicator IDs; preserve survey/round/vintage where applicable.,"Model observations at stated grain; retain uncertainty, status, unit, source and methodology fields.",WDI and IMF/BIS/central-bank data can be upstream or conceptually adjacent.,review-next,catalogue-only,not-tested,Open exact catalog licence; Confirm stable machine-download contract,https://databank.worldbank.org/source/global-economic-monitor-(gem) | https://www.worldbank.org/en/about/legal/terms-of-use-for-datasets,global-public
GL-007,World Bank,International Debt Statistics (IDS),worldwide,international-public,debt; development-finance,country,Debtor country/creditor or instrument/period at table-specific grain.,Low- and middle-income country external debt time series; start varies by measure.,HTML; bulk-files,public,free,dataset-specific,Verify the licence on the exact catalog/download record; World Bank generic terms incorporate dataset-specific terms and limit other materials.,Unknown; no explicit numeric quota found in reviewed documentation.,Annual publication with revisions to historical debt stocks and flows.,Archive complete named releases with metadata and vintage.,Reload a named release or affected period after publication; no CDC.,Use published economy and indicator IDs; preserve survey/round/vintage where applicable.,"Model observations at stated grain; retain uncertainty, status, unit, source and methodology fields.",Overlaps WDI debt indicators and IMF/BIS external debt views; concepts and country scope differ.,review-next,documented,not-tested,Open exact catalog licence; Confirm stable machine-download contract,https://www.worldbank.org/en/programs/debt-statistics/ids | https://www.worldbank.org/en/about/legal/terms-of-use-for-datasets,global-public
GL-008,World Bank,Worldwide Governance Indicators (WGI),worldwide,international-public,governance; institutions,country,"Economy/year/governance dimension with estimate, standard error and source count.",More than 200 economies since 1996; annual in recent years.,HTML; bulk-files,public,free,dataset-specific,Verify the licence on the exact catalog/download record; World Bank generic terms incorporate dataset-specific terms and limit other materials.,Unknown; no explicit numeric quota found in reviewed documentation.,Annual release can revise historical estimates because the model and sources change.,Archive complete named releases with metadata and vintage.,Reload a named release or affected period after publication; no CDC.,Use published economy and indicator IDs; preserve survey/round/vintage where applicable.,"Model observations at stated grain; retain uncertainty, status, unit, source and methodology fields.",WDI republishes WGI series; use one canonical lineage and retain uncertainty measures.,review-next,documented,not-tested,Open exact catalog licence; Confirm stable machine-download contract,https://www.worldbank.org/en/publication/worldwide-governance-indicators | https://www.worldbank.org/en/about/legal/terms-of-use-for-datasets,global-public
GL-009,World Bank,Global Findex Database,worldwide,international-public,financial-inclusion; digital-connectivity; survey,country,Country/indicator/wave and respondent microdata where supplied.,Survey waves since 2011; 2025 adds Digital Connectivity Tracker; economy participation varies.,HTML; bulk-files,public,free,dataset-specific,Verify the licence on the exact catalog/download record; World Bank generic terms incorporate dataset-specific terms and limit other materials.,Unknown; no explicit numeric quota found in reviewed documentation.,"Periodic survey waves, not annual; later releases may revise indicators.",Archive complete named releases with metadata and vintage.,Reload a named release or affected period after publication; no CDC.,Use published economy and indicator IDs; preserve survey/round/vintage where applicable.,"Model observations at stated grain; retain uncertainty, status, unit, source and methodology fields.",Overlaps WDI financial-inclusion indicators and ITU connectivity measures; survey demand-side concepts differ.,review-next,documented,not-tested,Open exact catalog licence; Confirm stable machine-download contract,https://www.worldbank.org/en/publication/globalfindex | https://www.worldbank.org/en/about/legal/terms-of-use-for-datasets,global-public
GL-010,World Bank,Enterprise Surveys,worldwide,international-public,enterprise; business-climate; survey,country; enterprise,Anonymized firm response with survey weights; published indicators by economy/topic.,"Over 160 economies; survey years and panels vary; formal, informal and micro-enterprise programs differ.",HTML; registered download,registration for granular files,free,dataset-specific,Verify the licence on the exact catalog/download record; World Bank generic terms incorporate dataset-specific terms and limit other materials.,Unknown; no explicit numeric quota found in reviewed documentation.,Country survey releases are episodic; panel and expanded files appear separately.,Archive complete named releases with metadata and vintage.,Reload a named release or affected period after publication; no CDC.,Use published economy and indicator IDs; preserve survey/round/vintage where applicable.,"Model observations at stated grain; retain uncertainty, status, unit, source and methodology fields.",Firm data are distinct from business registers; overlaps WDI aggregate business indicators only.,specialist,documented,not-tested,Review registration and microdata terms; Apply disclosure and survey-weight rules,https://www.enterprisesurveys.org/en/enterprisesurveys | https://www.worldbank.org/en/about/legal/terms-of-use-for-datasets,global-public
GL-011,World Bank,International Comparison Program (ICP),worldwide,international-public,prices; purchasing-power; national-accounts,country,"Economy/reference-year/basic-heading or aggregate, depending release.",Global comparison rounds; reference years and participating economies vary.,HTML; bulk-files,public,free,dataset-specific,Verify the licence on the exact catalog/download record; World Bank generic terms incorporate dataset-specific terms and limit other materials.,Unknown; no explicit numeric quota found in reviewed documentation.,Round-based benchmark releases with revisions; extrapolated PPP series are separate products.,Archive complete named releases with metadata and vintage.,Reload a named release or affected period after publication; no CDC.,Use published economy and indicator IDs; preserve survey/round/vintage where applicable.,"Model observations at stated grain; retain uncertainty, status, unit, source and methodology fields.",WDI republishes PPP results and extrapolations; never mix benchmark and extrapolated vintages silently.,specialist,catalogue-only,not-tested,Open exact catalog licence; Confirm stable machine-download contract,https://www.worldbank.org/en/research/brief/international-comparison-program | https://www.worldbank.org/en/about/legal/terms-of-use-for-datasets,global-public
GL-012,International Monetary Fund,World Economic Outlook (WEO) Database,worldwide,international-public,macroeconomy; forecasts; fiscal,country; country-group,Country/group/indicator/year and vintage; actuals and forecasts coexist.,1980-present plus mostly five forecast years; gaps vary. Historical forecast archive and vintage appendices are supplied.,HTML; Excel; SDMX 2.1 API; SDMX 3.0 API,portal viewing public; API Swagger requires beta portal sign-in,free,open-conditional,"Statistical-data reuse is allowed with attribution and transformation disclosure, but IMF asks potential commercial reusers to request permission; third-party products may differ.",Unknown; no explicit numeric quota found in reviewed documentation.,"Published twice yearly, April and October; vintages change estimates, forecasts and groups.","Load every retained vintage, appendix and historical-forecast package.",Append new vintage; never overwrite prior forecasts. Within-vintage corrections require replacement.,IMF dataset/dataflow + economy + subject code + year + vintage.,Forecast-vintage fact; actual/estimate/forecast status and units are required. Group aggregates are non-additive.,"Overlaps WDI and national sources; WEO values are analytical vintages, not interchangeable with latest official observations.",review-first,documented,not-tested,Resolve API account and production status; Seek/record IMF response for intended commercial reuse,https://data.imf.org/en/datasets/IMF.RES%3AWEO | https://data.imf.org/en/Resource-Pages/IMF-API | https://www.imf.org/en/about/copyright-and-terms,global-public
GL-013,International Monetary Fund,International Financial Statistics (IFS),worldwide,international-public,macroeconomy; money; prices; exchange-rates,country,"SDMX observation at dataset-specific economy, indicator, counterpart, frequency and period grain.",Multicountry coverage and history vary by series; exact current catalog metadata must be inventoried.,HTML; SDMX 2.1 API; SDMX 3.0 API,portal viewing public; API Swagger requires beta portal sign-in,free,open-conditional,"IMF statistical-data terms cover this family, require attribution and transformation disclosure, and direct potential commercial reuse to permission request.",Unknown; no explicit numeric quota found in reviewed documentation.,Observation frequency and revisions are series-specific; no single schedule documented on opened pages.,Snapshot full selected dataflows with structures and vintage timestamp.,Reload recent windows plus any revised older keys after metadata comparison.,IMF dataflow + full SDMX key; counterpart-country code is required for DOTS.,"Retain frequency, unit, adjustment and status; stocks, flows, rates and indexes must not be summed.","Overlaps national, WDI, BIS and trade aggregators; keep IMF as a separately sourced observation.",review-next,catalogue-only,not-tested,Inventory current dataflows and coverage; Resolve API account status; Seek/record commercial-reuse permission,https://data.imf.org/ | https://data.imf.org/en/Resource-Pages/IMF-API | https://www.imf.org/en/about/copyright-and-terms,global-public
GL-014,International Monetary Fund,Direction of Trade Statistics (DOTS),worldwide,international-public,trade; bilateral-trade,country-pair,"SDMX observation at dataset-specific economy, indicator, counterpart, frequency and period grain.",Multicountry coverage and history vary by series; exact current catalog metadata must be inventoried.,HTML; SDMX 2.1 API; SDMX 3.0 API,portal viewing public; API Swagger requires beta portal sign-in,free,open-conditional,"IMF statistical-data terms cover this family, require attribution and transformation disclosure, and direct potential commercial reuse to permission request.",Unknown; no explicit numeric quota found in reviewed documentation.,Observation frequency and revisions are series-specific; no single schedule documented on opened pages.,Snapshot full selected dataflows with structures and vintage timestamp.,Reload recent windows plus any revised older keys after metadata comparison.,IMF dataflow + full SDMX key; counterpart-country code is required for DOTS.,"Retain frequency, unit, adjustment and status; stocks, flows, rates and indexes must not be summed.","Overlaps national, WDI, BIS and trade aggregators; keep IMF as a separately sourced observation.",review-next,catalogue-only,not-tested,Inventory current dataflows and coverage; Resolve API account status; Seek/record commercial-reuse permission,https://data.imf.org/ | https://data.imf.org/en/Resource-Pages/IMF-API | https://www.imf.org/en/about/copyright-and-terms,global-public
GL-015,Bank for International Settlements,BIS Data Portal,worldwide,international-public,banking; credit; debt; derivatives; payments; prices; exchange-rates,country; banking-system; sector,"Topic cube; may include reporting country, counterparty, sector, instrument, currency and period.",Reporting central banks/national authorities; coverage/history differ by topic. Russia reporting stopped after 28 Feb 2022.,HTML; SDMX REST API; CSV bulk; SDMX bulk,public,free,open-conditional,"Use is unrestricted with attribution, but a commercial product may not add a separate charge because BIS statistics are included; no other use is permitted.",Unknown; no explicit numeric quota found in reviewed documentation.,Topic release dates vary; bulk files are dated and history may revise.,Load full topic packages with structures and release date.,Replace topic package or changed periods after each release.,BIS dataflow + full key; preserve residence/consolidated basis and counterparties.,"Separate facts by topic/grain; positions, flows, rates and indexes are non-additive across many dimensions.","Overlaps IMF, ECB and national central banks; BIS harmonization/consolidation basis makes values non-substitutable.",review-first,documented,not-tested,Commercial packaging must satisfy no-additional-charge condition; Review topic-specific confidentiality/coverage flags,https://data.bis.org/ | https://data.bis.org/bulkdownload | https://data.bis.org/help/legal,global-public
GL-016,European Central Bank,ECB Data Portal,multicountry-Europe,international-public,money; banking; prices; payments; exchange-rates; financial-markets,country; financial-institution-aggregate; sector,"Series/observation through SDMX; dimensions vary by dataflow and include frequency, area, item and adjustment.",Euro area/EU plus counterpart and selected external economies; start varies by series.,HTML; SDMX REST API; CSV,public,free,open-conditional,ECB information may be reused with accurate reproduction and citation. Sold documents must tell buyers it is freely available; transformations must be disclosed.,Unknown; no explicit numeric quota found in reviewed documentation.,Release and revision cadence is dataflow-specific; API page was unavailable during review.,Snapshot dataflow structures and complete selected series.,Refresh recent periods and revision windows after release calendar events.,ECB flowRef + series key + time; map areas through ECB codelists.,"Keep frequency, unit, seasonal adjustment and status. Rates and indexes are non-additive.","Overlaps Eurostat, BIS and national central banks; retain source and methodological basis.",review-first,catalogue-only,not-tested,Re-open current API documentation; Identify third-party series exceptions,https://data.ecb.europa.eu/ | https://data.ecb.europa.eu/help/api/overview | https://www.ecb.europa.eu/services/using-our-site/disclaimer/html/index.en.html,global-public
GL-017,United Nations Statistics Division,UNdata,worldwide,international-public,population; national-accounts; energy; environment; trade; health,country; country-group,Legacy data-mart table/series by geography and time; dimensions differ by contributing database.,Multicountry sources including UNSD and other UN agencies; histories vary and some marts are legacy editions.,HTML; download handler; legacy web service,public,free,unresolved,UN site terms are not enough to grant rights in every contributing database; preserve source and check each mart.,Unknown; no explicit numeric quota found in reviewed documentation.,Update/revision behavior is mart-specific and poorly exposed in the opened catalog.,Use only named maintained marts; archive export plus source label and date.,Replace whole mart extracts when changed; no CDC assumption.,Mart ID + geography + series/dimensions + period; source identifiers outrank labels.,Model by contributing mart; do not force heterogeneous tables into one indicator fact.,"It mirrors FAOSTAT, IMF, WDI, WHO and others; avoid ingesting both without explicit lineage.",conditional,catalogue-only,not-tested,Assess whether each mart is current; Resolve source-level terms and stable download contract,https://data.un.org/Handlers/ExplorerHandler.ashx?t=sources | https://www.un.org/en/about-us/terms-of-use,global-public
GL-018,United Nations Statistics Division,Global SDG Indicators Database and API,worldwide,international-public,sustainable-development; population; economy; health; environment,country; region; person-aggregate,"Indicator/series/geography/time with SDG disaggregations, nature/status and source attributes.",Global reporting for the 2030 Agenda; time and country coverage vary by indicator.,HTML; SDMX REST API; Swagger; bulk-files,public,free,unresolved,Confirm the database/API licence and any custodian-agency restrictions before redistribution.,Unknown; no explicit numeric quota found in reviewed documentation.,Custodian submissions and global releases revise past observations; cadence varies by series.,"Snapshot global release, data structures, codelists and metadata.",Reload release partitions or changed indicator-period keys; no CDC.,SDG series code + geoAreaCode + timePeriod + complete disaggregation key.,"Many ratios, rates and global/regional aggregates are non-additive; retain nature and reporting-status flags.","Custodian sources overlap WHO, ILO, FAO, UNESCO, UNICEF, WDI and Eurostat SDG sets.",review-first,catalogue-only,not-tested,Open current API guide beyond Swagger shell; Resolve reuse terms; Map global versus national SDG series,https://unstats.un.org/SDGAPI/swagger/ | https://unstats.un.org/sdgs/dataportal,global-public
GL-019,United Nations Statistics Division,UN Comtrade,worldwide,international-public,trade; goods; services,country-pair; commodity,Reporter/partner/flow/product/classification/period/trade-system and measure; confidentiality may suppress detail.,"Global reported trade; history and services coverage vary by reporter, classification and frequency.",HTML; REST API; bulk-files,public tier plus subscription-key plans; exact current tiers unresolved,mixed,dataset-specific,Free access does not establish redistribution rights; review UN Comtrade terms and plan level for commercial use.,Unknown; no explicit numeric quota found in reviewed documentation.,Reporter revisions and classification changes occur; monthly/annual observations differ.,Bulk by period/classification where licensed; archive raw release metadata.,Reload recent and revised reporter-period partitions.,Reporter + partner + flow + classification edition + commodity + period; retain customs/transport metadata.,Bilateral trade fact; never sum mirrored flows or overlapping commodity levels. Quantity units vary.,"Overlaps Eurostat Comext, WTO and UNCTAD; asymmetries and methodological differences are expected.",review-first,catalogue-only,not-tested,Document current API tiers/quotas; Resolve commercial redistribution terms; Design classification concordances,https://comtradeplus.un.org/ | https://comtradeapi.un.org/swagger/index.html,global-public
GL-020,World Trade Organization,WTO Stats,worldwide,international-public,trade; tariffs; services,country; country-pair; commodity,Dataset-specific economy/partner/product/flow/period observation; tariff grain differs from trade time series.,WTO members and broader economies depending dataset; histories vary.,HTML; CSV download; API,public portal; API/auth conditions unresolved,free,unresolved,"Confirm WTO data-specific terms, attribution and third-party ownership before commercial redistribution.",Unknown; no explicit numeric quota found in reviewed documentation.,Release calendars and revisions vary; no common cadence found.,Snapshot named datasets with metadata and classifications.,Reload changed releases/periods; do not infer CDC.,WTO indicator/dataset code + economy/partner/product/period.,"Separate trade flows, tariffs and indices; aggregates and overlapping product levels are non-additive.",Trade values overlap UN Comtrade/UNCTAD; WTO may derive or harmonize sources.,review-next,catalogue-only,not-tested,Locate current official API documentation; Resolve reuse terms; Confirm dataset lineage,https://timeseries.wto.org/ | https://www.wto.org/english/res_e/statis_e/statis_e.htm,global-public
GL-021,UN Trade and Development (UNCTAD),UNCTAD Data Hub,worldwide,international-public,trade; investment; shipping; development; digital-economy,country; country-group,Indicator/economy/period with table-specific breakdowns; some bilateral or product datasets.,More than 150 indicators for almost all economies; start/frequency vary by table.,HTML; download files,public,free,dataset-specific,Table-level terms can mandate dataset-specific citation; general commercial/redistribution permission was not established.,Unknown; no explicit numeric quota found in reviewed documentation.,Table-specific updates and revisions; indicator-explainer documents carry methodology.,"Archive named table export, metadata and terms.",Replace table/period slices after releases; no CDC.,UNCTAD table/indicator + economy/breakdowns + period.,"Keep estimate/status/unit; do not sum groups, rates, shares, indices or overlapping product levels.","Often uses UN Comtrade, WTO and national data; preserve table citation and upstream lineage.",review-next,catalogue-only,not-tested,Resolve reuse per selected table; Confirm machine-download stability,https://unctadstat.unctad.org/ | https://unctadstat.unctad.org/EN/IndicatorsExplained.html,global-public
GL-022,Food and Agriculture Organization of the United Nations,FAOSTAT,worldwide,international-public,agriculture; food; forestry; emissions; prices; trade,country; commodity; country-pair,Domain-specific country/item/element/year observation; trade adds reporter/partner and flow.,"Global; histories and frequencies vary by domain, often annual.",HTML; bulk-files; API,public,free,open-conditional,"Statistical databases use FAO Open Data Licensing Policy and database terms, not generic website terms; third-party components require clearance.",Unknown; no explicit numeric quota found in reviewed documentation.,Domain release calendars and revisions vary; production and balance histories can be revised.,"Load domain bulk packages, metadata and flags by release.",Replace changed domain files or recent years; preserve earlier vintages.,FAOSTAT domain + area/item/element/partner/year codes.,"Element and unit define measure; balances, indices and aggregates are not freely additive.","Overlaps WDI, UNdata, UN Comtrade and SDG custodial series; retain FAO flags and methods.",review-first,documented,not-tested,Review statistical database terms directly; Confirm current API contract,https://www.fao.org/faostat/en/ | https://www.fao.org/contact-us/terms/en/,global-public
GL-023,International Labour Organization,ILOSTAT,worldwide,international-public,labour; employment; earnings; social-protection,country; person-aggregate,Indicator/ref-area/sex/classification/status/frequency/time at full statistical grain.,Worldwide; start and availability vary by indicator and national reporting/ILO estimates.,HTML; bulk-files; SDMX tools,public,free,dataset-specific,"Public access is documented at catalog level; confirm ILOSTAT-specific licence, commercial reuse and attribution before onboarding.",Unknown; no explicit numeric quota found in reviewed documentation.,National submissions and modeled estimates follow series-specific releases and can revise history.,"Snapshot bulk files, dictionaries, notes and classifications.",Reload revised series/periods after release comparison; no CDC.,ILO indicator + ref area + source + classification/disaggregation + time.,"Separate observed and modeled estimates; retain status, source and breaks. Rates and totals are not interchangeable.","Overlaps WDI, OECD, Eurostat and SDG series; ILO estimate versus national value is a meaningful distinction.",review-first,catalogue-only,not-tested,Open current bulk/API guide; Resolve licence; Separate modeled and reported series,https://ilostat.ilo.org/ | https://ilostat.ilo.org/resources/sdmx-tools/,global-public
GL-024,World Health Organization,Global Health Observatory (GHO) OData API,worldwide,international-public,health; mortality; disease; health-systems,country; region; person-aggregate,"Indicator/location/time with indicator-specific dimensions such as sex, age and residence.",Worldwide; period and completeness vary by indicator; some time dimensions span multiple years.,HTML; OData API; XML; JSON,public,free,dataset-specific,GHO terms should be checked separately from newer data.who.int terms; third-party credited data may require permission.,Unknown; no explicit numeric quota found in reviewed documentation.,Indicator revisions are possible; no platform-wide schedule documented.,"Snapshot indicator catalog, dimensions and all selected observations.","Filter by time only as a refresh window, then upsert full keys; it is not CDC.",Indicator code + spatial dimension + time begin/end + all Dim fields.,"Keep numeric, display and low/high values distinct. Estimates, crude/standardized rates and counts are non-additive.","Overlaps WDI, UNICEF, SDG database and data.who.int; migration path must avoid duplicate canonicals.",review-first,documented,not-tested,Confirm legacy GHO terms and deprecation plan; Map overlap with data.who.int datasets,https://www.who.int/data/gho/info/gho-odata-api | https://data.who.int/about/data/terms-and-conditions,global-public
GL-025,World Health Organization,WHO Data platform (data.who.int) datasets,worldwide,international-public,health; mortality; disease; health-systems,country; region; person-aggregate,Machine-readable dataset grain varies; metadata defines dimensions and citations.,Worldwide with dataset-specific years and Member State reporting coverage.,HTML; API; machine-readable files,public; dataset/API specific,free,open-conditional,"Unless stated otherwise datasets are CC BY 4.0 with required metadata citation, no de-anonymization/misrepresentation, no endorsement, and third-party exclusions.",Unknown; no explicit numeric quota found in reviewed documentation.,WHO can modify or discontinue datasets or access methods; schedules are dataset-specific.,"Archive dataset, metadata, citation and terms/version.",Refresh by named dataset release; retain raw versions.,Dataset ID + complete published key; use metadata geography codes.,"Retain source, method, uncertainty, unit and status; standardized rates and modelled estimates are non-additive.",Potential successor/parallel surface to GHO; compare IDs and definitions before choosing canonical rows.,review-first,documented,not-tested,Build GHO-to-new-platform crosswalk; Check per-dataset licence exceptions and change notices,https://data.who.int/ | https://data.who.int/about/data/terms-and-conditions,global-public
GL-026,UNESCO Institute for Statistics,UIS Data Browser,worldwide,international-public,education; science; culture; demography,country; person-aggregate; education-system,"Indicator/country/year plus available sex, age, education level and other disaggregations.","Global; February 2026 releases are shown for education, demography, science/technology and culture.",HTML; CSV; Excel; JSON,public,free,unresolved,UNESCO publication open-access policy does not by itself prove the licence of every UIS dataset; verify Data Browser terms.,Unknown; no explicit numeric quota found in reviewed documentation.,Release labels are displayed by domain; revision policy and earlier vintages are unresolved.,Download data and metadata by release/domain; archive glossary and flags.,Replace domain release or changed periods after comparison.,UIS indicator + geography + time + all disaggregation codes.,"Enrollment stocks, rates, finance values and proficiency measures require separate facts/units.","Overlaps UNICEF, WDI, OECD and SDG 4; UIS is often custodian/upstream.",review-first,documented,not-tested,Open exact Data Browser terms; Confirm stable API availability and identifiers; Retain release vintages,https://databrowser.uis.unesco.org/ | https://www.unesco.org/en/open-access,global-public
GL-027,United Nations Children’s Fund,UNICEF Data Warehouse Explorer and SDMX API,worldwide,international-public,children; women; health; education; nutrition; poverty,country; person-aggregate,"Dataflow observation keyed by reference area, indicator and flow-specific dimensions such as sex and time.",Global; history and disaggregation vary by dataflow.,HTML; SDMX REST API; JSON; XML; CSV,public,free,open-conditional,The API page states downloaded datasets are CC BY 3.0 IGO; other site content defaults to CC BY-NC 3.0 IGO. Preserve dataset licence and attribution.,Unknown; no explicit numeric quota found in reviewed documentation.,No common release cadence documented; dataflow versions and source updates can change data.,"Snapshot dataflows, DSDs, codelists and full data with version.","Query slices only after key discovery; refresh changed flows, not labels-only CSV.",Agency + dataflow + version + dimensional key.,Use codes from JSON/structure; UNICEF warns CSV labels may be non-unique. Retain attributes and sources.,"Overlaps WHO, UIS, WDI and SDG database; UNICEF may be custodian or downstream.",review-first,documented,not-tested,Confirm licence at each downloaded dataset; Avoid labels-only CSV as exchange key,https://data.unicef.org/sdmx-api-documentation/,global-public
GL-028,United Nations Development Programme,Human Development Data Center,worldwide,international-public,human-development; inequality; gender; poverty,country; country-group,Country/year/index and component; some thematic indices have different country/time coverage.,193 countries and territories in Country Insights; index histories vary. HDI series is recalculated annually.,HTML; bulk-files,public,free,open-conditional,"CC BY 3.0 IGO permits commercial adaptation/share with credit, licence link and change indication.",Unknown; no explicit numeric quota found in reviewed documentation.,Entire HDI values/rankings time series is recalculated yearly using current methodology/data.,Archive every annual release and technical notes.,Append release vintage and replace within vintage only for corrections.,Index code + country/territory + year + release vintage.,Composite indices/rankings are non-additive; compare values only within a common release vintage.,Components originate from international agencies and overlap WDI/UIS/WHO; preserve component lineage.,review-first,documented,not-tested,Enforce vintage-aware comparisons; Check licences of externally sourced components,https://hdr.undp.org/data-center | https://hdr.undp.org/terms-use,global-public
GL-029,United Nations High Commissioner for Refugees,Refugee Data Finder / Refugee Statistics API,worldwide,international-public,forced-displacement; asylum; statelessness,country-pair; person-aggregate,"Origin/asylum country/year/population type; separate asylum applications, decisions, demographics and solutions.",Almost 70 years of forced-displacement statistics; geography/demographic completeness varies.,HTML; REST API; JSON; CSV,public,free,open-conditional,Confirm the Refugee Data Finder licence; related Operational Data Portal datasets default to CC BY 4.0 unless indicated.,Default page size 100 is documented; maximum and rate quota are unknown.,Annual and other releases can revise history; methodology page governs definitions.,Load endpoints by year/resource plus lookups and footnotes.,"Use year filters for refresh, then upsert complete keys; no CDC.",UNHCR or ISO3 origin/asylum codes + year + population category; preserve code-system choice.,Counts may aggregate when country filters are omitted; avoid accidental totals. Population stocks and flows differ.,"Overlaps UNdata, IOM and WDI; operational situation data may have different cutoffs.",review-first,documented,not-tested,Confirm exact product licence; Guard against API default aggregation,https://api.unhcr.org/docs/refugee-statistics.html | https://data.unhcr.org/en/situations/ukraine,global-public
GL-030,International Organization for Migration,Global Migration Data Portal,worldwide,international-public,migration; remittances; displacement; policy,country; person-aggregate,Indicator/country/time as presented; much content is narrative and links to external producers.,Global single-access-point ambition; coverage and history vary by indicator/source.,HTML; interactive visualizations; links,public,free,restricted,Portal terms prohibit treating access as blanket data rights; source datasets and contributors need separate permission review.,Unknown; no explicit numeric quota found in reviewed documentation.,Indicators/pages update irregularly; no machine-readable release contract found.,Use primarily as discovery metadata; onboard original source instead where available.,Periodic catalog review only; no inferred incremental feed.,Portal topic/indicator URL + cited source; map country only with source identifiers.,Store catalog/link metadata separately from observations unless an explicit downloadable dataset is licensed.,"Strong overlap with UNHCR, UN DESA, ILO, World Bank and national sources; prefer upstream.",conditional,catalogue-only,not-tested,No stable API/bulk interface identified; Resolve rights at each upstream source,https://www.migrationdataportal.org/ | https://www.migrationdataportal.org/terms-use,global-public
GL-031,International Telecommunication Union,ITU DataHub,worldwide,international-public,telecommunications; digital-connectivity; prices; infrastructure,country; operator-aggregate; person-aggregate,"Country/indicator/year with indicator-specific technology, access, household or sex breakdowns.",Global ICT indicators; exact history and country availability vary by series.,HTML; download files,public viewing; download/API conditions unresolved,mixed,unresolved,ITU website terms do not establish rights for DataHub statistical downloads; verify subscription and reuse conditions by dataset.,Unknown; no explicit numeric quota found in reviewed documentation.,Annual and other indicator updates; no portal-wide revision contract found.,Only load explicitly downloadable/licensed tables with metadata.,Reload named releases or changed series; no CDC.,ITU indicator + economy + technology/breakdown + year.,"Subscriptions, users, coverage, traffic and prices have different denominators and additivity.","Overlaps WDI, UNICEF/Findex connectivity and SDG indicators; ITU is often custodian/upstream.",review-next,catalogue-only,not-tested,Clarify free versus paid downloads; Resolve reuse rights; Confirm API availability,https://datahub.itu.int/ | https://www.itu.int/en/about/Pages/terms-of-use.aspx,global-public
GL-032,World Intellectual Property Organization,IP Statistics Data Center,worldwide,international-public,patents; trademarks; industrial-designs; innovation,country; ip-office; applicant-aggregate,"Office/country/year/IP-right/indicator with filing, grant, registration, renewal and in-force measures.",Worldwide latest and historical data; separate pre-1980 files and PCT 1985-1999 history are linked.,HTML; download files,public,free,open-conditional,"WIPO generally applies CC BY 4.0 to new online content, with attribution and change indication, but exceptions and third-party content require item review.",Unknown; no explicit numeric quota found in reviewed documentation.,Annual reporting from IP offices; later surveys may revise historical figures.,"Archive downloads, glossary and classification/concordance version.",Replace changed annual tables; preserve release vintage.,Office/country + right type + indicator + year; filing-office and applicant-origin are distinct.,"Applications, classes and designs can be different counting units; totals are not interchangeable.",Overlaps OECD/WDI innovation indicators and national IP offices; WIPO harmonizes surveys.,review-next,documented,not-tested,Confirm Data Center item-specific licence; Document download format stability,https://www.wipo.int/en/web/ip-statistics | https://www.wipo.int/en/web/terms-of-use,global-public
GL-033,United Nations Office on Drugs and Crime,UNODC Data Portal,worldwide,international-public,crime; justice; drugs; prisons; trafficking,country; person-aggregate,"Indicator/country/year with crime, victim, sex, age, justice-process or drug dimensions by table.",Worldwide but country/year coverage varies substantially by topic and national reporting.,HTML; download files,public,free,unresolved,No dataset-specific commercial redistribution licence was established from opened pages; verify each download.,Unknown; no explicit numeric quota found in reviewed documentation.,Collection rounds and revisions vary; no common release schedule found.,"Archive topic export, definitions, questionnaire/source and release date.",Replace topic files/releases; no CDC.,UNODC indicator + country + time + full disaggregation; preserve source and metadata flags.,"Police-recorded counts, survey prevalence and model estimates are different facts; rates and totals cannot be mixed.","Overlaps SDG, WHO mortality and UNdata homicide series; UNODC may be custodian/upstream.",review-next,documented,not-tested,Resolve dataset licence; Confirm stable bulk/API access; Profile missingness and definition breaks,https://data.unodc.org/,global-public
GL-034,International Energy Agency,IEA Data Explorer,worldwide,international-public,energy; emissions; prices; balances,country; fuel; sector,Country/fuel/product/flow/sector/year at dataset-specific energy-balance grain.,Global/multicountry datasets with different coverage and history; substantial products may be subscriber-only.,HTML; CSV download,mixed public and subscription access,mixed,restricted,IEA terms and product licences are restrictive/dataset-specific; do not assume public charts or free files may be commercially redistributed.,Unknown; no explicit numeric quota found in reviewed documentation.,Annual/monthly schedules and revisions vary by product.,Onboard only a specifically licensed product/release; archive its terms and methodology.,Refresh per licensed release; no generic portal ingestion.,IEA dataset + country + product/flow/sector + period.,Energy balances require signed transformation conventions; avoid double counting primary/secondary energy and aggregates.,"Overlaps IRENA, Eurostat, UN energy, FAOSTAT emissions and WDI; methods and access rights differ.",conditional,catalogue-only,not-tested,Identify eligible free datasets; Legal review for commercial redistribution; Confirm download/API entitlement,https://www.iea.org/data-and-statistics/data-tools | https://www.iea.org/terms,global-public
GL-035,International Renewable Energy Agency,IRENASTAT / Statistics Time Series,worldwide,international-public,renewable-energy; capacity; generation,country; technology,Country/technology/year measure for renewable capacity and generation; exact dimensions vary by table.,Worldwide annual series; starts and technology detail vary.,HTML; query tool; download files,public viewing; download conditions unresolved,free,unresolved,"Confirm IRENA data licence, attribution and redistribution terms on each export.",Unknown; no explicit numeric quota found in reviewed documentation.,Annual statistics releases with possible historical revisions.,Archive full release and technology classification.,Replace release/year partitions after publication.,Country + technology + measure + year; retain on-grid/off-grid and capacity/generation distinction.,Capacity is stock; generation is flow. Technology parents and children cannot be summed blindly.,"Overlaps IEA, Eurostat, UN energy and WDI; IRENA has deeper renewables taxonomy.",review-next,catalogue-only,not-tested,Resolve licence; Confirm machine-readable export/API and release archive,https://www.irena.org/Data/View-data-by-topic/Capacity-and-Generation/Statistics-Time-Series,global-public
GL-036,Copernicus Climate Change Service / ECMWF,Climate Data Store (CDS),worldwide,international-public,climate; weather; reanalysis; projections,grid-cell; station; country-derived,Dataset grid/level/variable/time/member; often hourly and gridded.,"Earth past, present and projections; ERA5 pressure-level time series is documented from 1940-present; other datasets differ.",HTML; API; GRIB; NetCDF; cloud workspace,"registration, personal token, and manual dataset-terms acceptance",free,dataset-specific,Each dataset has terms; public ECMWF site content may be CC BY 4.0 only when no separate notice applies. Store accepted licence per dataset.,Unknown; no explicit numeric quota found in reviewed documentation.,Datasets can be corrected or extended; schedules vary.,Chunk by dataset/variable/time/grid with manifest and licence snapshot.,"Append new times, then re-fetch documented revision windows/check notices.",Dataset short name + variable + level + grid coordinates + valid/reference time + ensemble member.,Gridded fields require CRS/grid/version. Country derivatives need reproducible spatial weighting.,Can overlap EEA indicators and national climate products; raw reanalysis is not an official country observation.,specialist,documented,not-tested,Account/token workflow; Per-dataset terms registry; Large-volume cost/storage design; Monitor corrections,https://cds.climate.copernicus.eu/ | https://cds.climate.copernicus.eu/how-to-api | https://www.ecmwf.int/en/terms-use,global-public
GL-037,European Environment Agency,EEA Datahub,multicountry-Europe,international-public,environment; climate; pollution; biodiversity; water,country; monitoring-site; facility; region,"Dataset-specific; country aggregates, sites, facilities and geospatial features all occur.",EEA network across 38 European countries; dataset histories vary.,HTML; download files; geospatial services,public,free,open-conditional,EEA-owned material is CC BY and commercially reusable with acknowledgement and undistorted meaning; item-specific and third-party conditions override.,Unknown; no explicit numeric quota found in reviewed documentation.,Datasets follow legislation/reporting cycles; revisions and update cadence are item-specific.,"Archive exact dataset release, metadata, rights owner and spatial schema.",Refresh by dataset release/date; replace corrected records.,EEA dataset ID + published feature/observation key; map sites/facilities separately.,"Do not combine facility emissions, site measurements and country indicators in one fact; retain units/QA flags.","Overlaps Eurostat, Copernicus, national agencies and EU reporting portals; identify authoritative dataset owner.",review-first,documented,not-tested,Dataset-level rights scan; Inventory APIs/services per chosen dataset,https://www.eea.europa.eu/en/datahub | https://www.eea.europa.eu/en/legal-notice,global-public
GL-038,United Nations Economic Commission for Europe,UNECE Data Portal,multicountry-Europe,international-public,economy; gender; transport; forestry; sustainable-development,country; city; person-aggregate,"Multidimensional table by country/city, socioeconomic classification and period.","UNECE region, with emphasis on CIS and Central/Eastern Europe; table histories vary.",HTML; PXWeb tables; download files,public,free,unresolved,"Free access is explicit, but commercial redistribution terms were not established; review table/source rights.",Unknown; no explicit numeric quota found in reviewed documentation.,Economic indicators carried a 2026 restructuring notice; table schedules and discontinuations vary.,"Snapshot PXWeb table, metadata and source.",Reload changed tables after portal notices; no CDC.,Database/table + geography + classification + period.,"Keep city, country and aggregate grains separate; rates, totals and indexes need measure-specific rules.","Compiles official national/international sources and overlaps Eurostat, OECD and UN SDG data.",review-next,documented,not-tested,Resolve reuse rights; Track database restructuring and discontinued series; Confirm PXWeb API contract,https://w3.unece.org/PXWeb/en,global-public
GL-039,"United Nations Department of Economic and Social Affairs, Population Division",World Population Prospects,worldwide,international-public,population; fertility; mortality; migration; projections,country; person-aggregate,Country/region/year/age/sex/variant and demographic measure.,"Worldwide estimates and projections; current catalog points to 2024 Revision, with long historical and future horizons varying by file.",HTML; bulk-files,public,free,unresolved,Verify the 2024 Revision data licence and attribution; UNdata mirror does not establish separate rights.,Unknown; no explicit numeric quota found in reviewed documentation.,Revision-based releases recalculate historical estimates and projection variants.,Load complete revision files and metadata; retain each revision.,Append revision vintage; do not overwrite earlier projections.,Location code + year + age + sex + variant + measure + revision.,"Population stocks, births/deaths/migration flows and rates differ; variants must remain explicit.","Overlaps WDI, UNdata and national population series; WPP estimates are modeled harmonized vintages.",review-first,catalogue-only,not-tested,Open current download licence; Confirm file schema and revision archive,https://population.un.org/wpp/ | https://data.un.org/Handlers/ExplorerHandler.ashx?t=sources,global-public
GL-040,United Nations Industrial Development Organization,UNIDO Statistics Data Portal / INDSTAT,worldwide,international-public,manufacturing; industry; employment; production,country; industry; enterprise-aggregate,Country/ISIC industry/year/indicator; product access and industry detail vary.,"Multicountry industrial statistics; editions, history and geography depend on product.",HTML; download files,mixed; some UNIDO statistical products require account/subscription,mixed,restricted,Do not onboard until the selected INDSTAT product licence explicitly permits intended commercial reuse and redistribution.,Unknown; no explicit numeric quota found in reviewed documentation.,Annual editions and national revisions; no public CDC or common schedule established.,"Only ingest licensed named edition, metadata and ISIC version.",Replace licensed edition or revised country-industry periods.,UNIDO product + country + ISIC revision/code + indicator + year.,"Value added, output, establishments and employment use different units; ISIC revisions need bridges.","Overlaps national statistics, WDI manufacturing aggregates and UNdata legacy INDSTAT mirror.",conditional,catalogue-only,not-tested,Determine product entitlement and price; Resolve commercial rights; Obtain ISIC concordances,https://stat.unido.org/ | https://data.un.org/Handlers/ExplorerHandler.ashx?t=sources,global-public
PLS-001,Główny Urząd Statystyczny (GUS / Statistics Poland),Bank Danych Lokalnych (BDL),local-to-national Poland,national-public,official statistics; society; economy,territorial unit; person-aggregate,Indicator-variable-year at administrative/NUTS levels; some series reach statistical locality.,"From 1995; annual and short-period series, variable-dependent.",REST API; JSON; XML,Anonymous public API; optional registration provides higher quotas and an X-ClientId key.,free,open-conditional,GUS explicitly applies CC BY 4.0 to BDL API data; preserve attribution and source metadata.,"Anonymous: 5/s, 100/15m, 1,000/12h, 10,000/7d; registered: 10/s, 500/15m, 5,000/12h, 50,000/7d.","Continually expanded, updated and corrected.",Snapshot metadata and all selected observations by variable or unit; retain attributes.,"Poll metadata and recent years; changed values are revisions, not CDC.",BDL variable ID + year + BDL unit ID + attribute; map unit IDs through TERYT/NUTS vintages.,"Unit-variable-year fact with attribute flag; dimensions for units, subjects and measures. Ratios are non-additive.","Overlaps DBW, STRATEG, censuses and sector portals; compare definitions before deduplication.",review-first,documented,not-tested,Design a territory-vintage policy; Confirm attribution wording in product UI,https://api.stat.gov.pl/Home/BdlApi,poland-social
PLS-002,Główny Urząd Statystyczny (GUS / Statistics Poland),Dziedzinowe Bazy Wiedzy (DBW) API,Poland with territorial and classification breakdowns,national-public,economy; society; environment; agriculture; culture,territorial unit; classification member; person-aggregate,Long series with detailed classifications across 31 themes; geography varies by table.,Modernised DBW launched with API in 2022; series history varies by table.,REST API; JSON; Swagger/OpenAPI; HTML,API documentation indicates a client key workflow; exact anonymous access and current registration conditions require confirmation.,free,open-conditional,The DBW API site states CC BY 4.0; retain table metadata and attribution.,Unknown from opened documentation; resolve before batch ingestion.,Scope is continually developed; refresh/revision timing is table-specific.,"Enumerate dictionaries/tables, then snapshot selected full histories.",Poll metadata/recent periods; diff values and dictionaries.,DBW table/measure/classification member/territory/period; map territorial codes to TERYT where present.,One fact per published cell plus status/unit dimensions; version classifications.,"Substantial overlap with BDL and GUS publications, but DBW can offer deeper classifications and longer national series.",review-first,documented,not-tested,Confirm production-key process; Document per-endpoint pagination/limits; Validate territorial code semantics,https://api.stat.gov.pl/Home/DBWApi?lang=en | https://stat.gov.pl/en/news/api-to-the-knowledge-databases%2C86%2C1.html,poland-social
PLS-003,Główny Urząd Statystyczny (GUS / Statistics Poland),STRATEG indicators and API,Poland and regional Poland; selected EU comparisons,national-public,sustainable development; public policy; regional development,country; NUTS region; voivodeship; powiat; gmina,Strategic-policy indicator by territory and period; finest level is indicator-dependent.,Historical depth varies by indicator; current portal and API are live.,REST API; HTML; JSON,Public portal; exact API authentication and quota terms were not recoverable from opened documentation.,free,unresolved,No product-specific reuse statement was verified; do not inherit BDL licensing merely because GUS owns both.,Unknown.,Indicator-dependent and revision-prone; no universal schedule verified.,"Snapshot indicator catalogue, metadata and full selected histories.",Poll catalogue/version metadata and recent periods; diff revisions.,Indicator ID + territorial code + period; link strategy/objective metadata and TERYT/NUTS vintage.,Store target/observed values separately; rates and target gaps are non-additive.,May reproduce BDL/Eurostat values; preserve source field and do not sum across frameworks.,review-next,catalogue-only,not-tested,Open current API method documentation; Verify reuse terms and quotas,https://strateg.stat.gov.pl/ | https://api.stat.gov.pl/Home/Index?lang=en,poland-social
PLS-004,Główny Urząd Statystyczny (GUS / Statistics Poland),GUS thematic publications with downloadable statistical tables,Poland and regional Poland,national-public,official statistics; demography; social conditions; health; education; culture; agriculture; tourism,country; territorial unit; person-aggregate; establishment-aggregate,"Publication/table/cell; many releases include XLSX or ZIP tables, but grain varies.","Long archive, publication-family dependent.",HTML; XLSX; ZIP; PDF; CSV,Public downloads without login.,free,open-conditional,GUS portal footer states CC BY 4.0; verify embedded third-party material and preserve release attribution.,No API quota; bulk archive crawling limits unknown.,Release-calendar driven; corrections may replace files.,Backfill a curated whitelist of publication families and retain original files/checksums.,Poll release pages/RSS; version files by publication date and checksum.,Publication family + reference period + table/sheet/cell; map official territorial/classification codes.,Parse only stable table families; retain workbook labels and footnotes alongside normalized facts.,Often the publication form of BDL/DBW observations; files are valuable for footnotes and dimensions missing from portals.,review-next,documented,not-tested,Choose publication-family whitelist; Confirm footer licence scope for each release,https://stat.gov.pl/obszary-tematyczne/ | https://stat.gov.pl/obszary-tematyczne/kultura-turystyka-sport/turystyka/turystyka-w-2024-r-%2C1%2C22.html,poland-social
PLS-005,Główny Urząd Statystyczny (GUS / Statistics Poland),Narodowy Spis Powszechny Ludności i Mieszkań 2021 (NSP 2021) results,"Poland to fine census geographies, table-dependent",national-public,population census; demography; housing; migration; households,person-aggregate; household-aggregate; dwelling-aggregate; territorial unit,Published aggregate census table; geography and cross-tabulation vary; no personal records proposed.,Reference date 31 March 2021; releases published progressively after census.,HTML; XLSX; CSV; PDF; interactive tables,Public aggregate results.,free,open-conditional,"GUS portal licensing is CC BY 4.0, but confirm each census download and any statistical-disclosure constraints.",Download limits unknown.,"Census release is periodic with later thematic releases/corrections, not a live feed.",Load published aggregate tables and release metadata once; version corrections.,Poll release catalogue for corrections or new thematic tables.,Census table/variable/category + geography + reference date; link TERYT 2021 vintage.,Model denominators and universes explicitly; avoid adding overlapping categories or mixing resident-population concepts.,"BDL population series are annual estimates and may be rebased; census results are benchmarks, not additive to BDL.",review-first,catalogue-only,not-tested,Inventory exact downloadable table families; Verify census-specific reuse notice; Define small-cell handling,https://stat.gov.pl/spisy-powszechne/nsp-2021/,poland-social
PLS-006,Główny Urząd Statystyczny (GUS / Statistics Poland),Powszechny Spis Rolny 2020 (PSR 2020) results,"Poland to local agricultural geographies, table-dependent",national-public,agricultural census; farms; land use; livestock,farm-aggregate; territorial unit; crop; livestock category,Published aggregate census cell; geography and farm-size/classification dimensions vary.,Reference year 2020; publication releases followed census.,HTML; XLSX; PDF; interactive tables,Public aggregate results.,free,open-conditional,"GUS CC BY 4.0 likely applies to portal data, but census-file scope should be confirmed per download.",Unknown.,Decennial census release with corrections/thematic additions.,Load all chosen aggregate tables with source files and notes.,Poll catalogue for corrected or newly released tables.,Table/category + territorial code + reference year; link 2020 TERYT and agricultural classification versions.,"Keep farm counts, area, livestock and holder characteristics in separate facts with universes/units.",Overlaps annual GUS agriculture statistics and administrative ARiMR data; definitions and populations differ.,review-next,catalogue-only,not-tested,Verify downloadable catalogue and licence; Document confidentiality symbols,https://stat.gov.pl/spisy-powszechne/powszechny-spis-rolny-2020/,poland-social
PLS-007,Główny Urząd Statystyczny (GUS / Statistics Poland),Krajowy Rejestr Urzędowy Podziału Terytorialnego Kraju (TERYT),Poland,national-public,reference data; administrative geography,voivodeship; powiat; gmina; locality; street,"Official TERC, SIMC and ULIC records; full and change files support versioned dictionaries.",Current and change files; archive start varies and was not verified.,bulk files; SOAP API; HTML search,Public bulk downloads; production SOAP requires registration credentials. Commercial entities are eligible and service is free.,free,unresolved,"Commercial service eligibility is documented, but no redistribution licence was found.",API quotas unknown.,Full and update files are published; cadence and retention need verification.,"Load earliest available full snapshot, then all official change files in order.",Use change files when continuous and periodically reconcile to a full snapshot.,TERC uses WOJ+POW+GMI+RODZ; SIMC identifies locality; ULIC identifies street name and needs locality/address scope.,Slowly changing territory/locality/street dimensions with valid-from/to; labels are not keys.,Key backbone for BDL and registers; NUTS stays separate and versioned.,review-first,documented,not-tested,Verify retention/cadence; Obtain SOAP credentials after approval; Resolve redistribution terms,https://eteryt.stat.gov.pl/eteryt/rejestr_teryt/udostepnianie_danych/baza_teryt/baza_teryt.aspx?contrast=default | https://api.stat.gov.pl/Home/TerytApi?lang=en,poland-social
PLS-008,Główny Urząd Statystyczny (GUS / Statistics Poland),BIR1 – Internet Database of REGON API,Poland,national-public,organization register,enterprise; legal unit; local unit,"Public REGON entity or local-unit record, found by REGON, NIP, or KRS.",API v1 from 2015; v1.1 from 2019; v1.2 from December 2024.,SOAP API; technical manuals,Free key by email; applicant identity and use required. Public bodies may request extended scope.,free,restricted,Public-field commercial access is allowed; redistribution is undocumented. A legal-reviewed allowlist is required.,"08:00-16:59: 6,000/hour, 120/min, 3/s; 06:00-07:59 and 17:00-21:59: 8,000/hour, 150/min, 3/s; 22:00-05:59: 10,000/hour, 200/min, 4/s.",Live register; history undocumented.,Seed an approved entity list after key approval.,Re-query known REGONs conservatively; diff public fields.,REGON is primary; NIP and KRS are lookup keys. Review local-unit relationships.,Versioned entity dimension; omit unnecessary sole-proprietor contacts.,Cross-links sector entities; preserve sector identifiers.,conditional,documented,not-tested,Obtain key; Legal/privacy review; Define field allowlist,https://api.stat.gov.pl/Home/RegonApi,poland-social
PLS-009,Zakład Ubezpieczeń Społecznych (ZUS),Portal Statystyczny ZUS,"Poland and voivodeships, table-dependent",national-public,social insurance; pensions; benefits; sickness absence; contributors,person-aggregate; contribution payer-aggregate; voivodeship,"Published aggregate workbook/table by topic, month/period and breakdown; no individual insurance records.",Archives vary by topic; current examples include monthly tables.,HTML; XLS; XLSX; PDF,Public downloads without login.,free,unresolved,No explicit dataset reuse licence was verified on the portal pages; public viewing/download does not settle commercial redistribution.,No API; automated-download limits unknown.,"Portal says it is systematically supplied with current data; topic cadence varies, including monthly series.","Backfill selected topic archives, preserving original files and publication dates.",Poll topic archive pages and version replaced files by checksum.,Topic/table + reference month/period + geography/category; link province to TERYT and keep ZUS contribution-title codes.,"Separate stocks at period end from flows during period; store persons, accounts and payers as different measures.","May overlap GUS/BDL labour and social-protection aggregates, but ZUS administrative population and timing differ.",review-first,documented,not-tested,Resolve reuse/redistribution rights; Choose stable topic families; Assess workbook schema drift,https://psz.zus.pl/ | https://psz.zus.pl/kategorie/ubezpieczeni/ubezpieczenia-emerytalne-i-rentowe,poland-social
PLS-010,Zakład Ubezpieczeń Społecznych (ZUS),Rocznik Statystyczny Ubezpieczeń Społecznych,"Poland and regional breakdowns, edition-dependent",national-public,social insurance; pensions; benefits; contributions,person-aggregate; payer-aggregate; territorial unit,Annual table cell within statistical yearbook; breakdowns vary by edition.,Multiple yearbook editions; exact earliest digital edition not verified.,HTML; PDF; XLSX,Public downloads.,free,unresolved,No explicit redistribution licence verified.,Unknown.,Periodically issued yearbook; revisions and schedule unknown.,Load available editions and deduplicate repeated historical tables by edition/reference year.,Poll publication page for new edition.,Edition + table + category + reference period + geography.,Preserve edition and footnotes; repeated historical values may be revised.,Curated annual synthesis of Portal Statystyczny topics; avoid double-counting identical observations.,review-next,documented,not-tested,Verify downloadable formats and earliest edition; Resolve reuse terms,https://www.zus.pl/baza-wiedzy/statystyka/rocznik-statystyczny-ubezpieczen-spolecznych,poland-social
PLS-011,Kasa Rolniczego Ubezpieczenia Społecznego (KRUS),Podstawowe dane statystyczne KRUS,Poland; regional detail varies,national-public,farm social insurance; pensions; benefits; accidents,insured-person aggregate; beneficiary aggregate; territorial unit,"Quarter/annual aggregate table for insured persons, beneficiaries or claims; finest geography varies.",Archived quarterly materials; exact first year differs by topic.,HTML; PDF; XLSX,Public materials.,free,unresolved,No explicit reuse licence verified on gov.pl product page.,Unknown.,Quarterly for some beneficiary statistics; other series annual.,Backfill each stable topic archive with edition/reference period.,Poll materials list; treat replacements as revisions.,Topic + period + category + geography; KRUS population is distinct from ZUS.,Model stocks and payments separately; keep eligibility/population definitions.,Complements ZUS; do not add without mutually exclusive population proof.,review-next,documented,not-tested,Resolve reuse rights; Inventory file history and geography,https://www.gov.pl/web/krus/podstawowe-dane-statystyczne-z-zakresu-swiadczeniobiorcow,poland-social
PLS-012,Narodowy Fundusz Zdrowia (NFZ),API Statystyki NFZ – Świadczenia,Poland; provider/clinical group tables,national-public,healthcare utilization; hospitalizations; diagnoses; procedures,patient-aggregate; hospitalization-aggregate; health service; diagnosis; procedure,"Published statistical table keyed by table ID, with sex, age, admission/discharge, product, ICD-9 and ICD-10 breakdowns.",Available-year list/table catalogue; exact first year must be enumerated after approval.,REST API; JSON; XML; Swagger,Public API; no key described in opened documentation.,free,restricted,"Terms require source attribution to api.nfz.gov.pl, prohibit modifying data and prohibit overload. Commercial redistribution needs legal interpretation of the no-modification clause.",10 requests/second per IP in product terms.,Table releases; schedule and revision policy unknown.,"Enumerate table index and available years, then snapshot complete chosen tables.",Poll index-of-tables; reload changed table IDs/checksums.,"Table ID + dimension member; clinical codes include NFZ products, ICD-9 and ICD-10.","Keep published aggregates only; distinguish patients, hospitalizations and settlement units; suppression/status metadata must survive.",Overlaps NFZ reports and GUS health statistics; administrative claims perspective differs.,review-first,documented,not-tested,Legal review of no-modification term; Enumerate history; Confirm current API version,https://api.nfz.gov.pl/app-stat-api-jgp/ | https://api.nfz.gov.pl/app-stat-api-jgp/terms,poland-social
PLS-013,Narodowy Fundusz Zdrowia (NFZ),API Statystyki NFZ – Refundacja apteczna,Poland,national-public,pharmaceutical reimbursement; prescriptions; medicines,medicine; prescription-aggregate; patient-aggregate; pharmacy-settlement aggregate,Published reimbursement table by product/substance/category and period; exact dimensions are endpoint-specific.,Available tables/years exposed by API; exact start not verified.,REST API; JSON; XML; Swagger,Public API; no key indicated on root documentation.,free,unresolved,This API’s product terms were not opened. Related NFZ terms cannot be assumed to apply; commercial redistribution remains unresolved.,Unknown until product terms are reviewed.,Release schedule and revision policy unknown.,Enumerate table index/years and snapshot selected aggregates.,Poll table index and reload revised/new tables.,Table ID + reimbursed product identifiers + period/category.,"Separate reimbursed quantity, prescriptions and expenditure; prices/amounts are not interchangeable.",May overlap CeZ e-prescription counts and NFZ Zdrowe Dane; populations and concepts differ.,review-next,documented,not-tested,Open product-specific terms; Enumerate dimensions/history; Resolve medicine-code crosswalks,https://api.nfz.gov.pl/app-stat-api-ra/,poland-social
PLS-014,Narodowy Fundusz Zdrowia (NFZ),API Umowy NFZ,Poland; NFZ branch and provider,national-public,healthcare contracts; providers; public spending,healthcare provider; contract; service product; NFZ branch,Agreement/plan/month at provider and contract-product level; data cover contracts by regional NFZ branches.,Contracts from 2008 according to product terms.,REST API; JSON; XML; Swagger,Public API; no key specified.,free,restricted,"Terms require attribution, prohibit modification, overload and misleading uses; obtain legal interpretation before normalized redistribution.",10 requests/second per IP.,Live contract database; update/revision cadence unknown.,"Enumerate available years then snapshot agreements, plans, months, providers and dictionaries.",Poll current/recent years and diff; periodically reconcile prior-year amendments.,Agreement ID + plan/month; provider identifiers and NFZ service/product dictionaries. Provider-name matching is insufficient for REGON linkage.,Contract ceilings/plans are not realized expenditure; keep amounts and settlement-unit quantities separate.,Overlaps RPWDL facility entities and NFZ utilization; contract presence does not equal service delivery.,review-first,documented,not-tested,Legal review of no-modification term; Determine robust provider linkage; Document amendment semantics,https://api.nfz.gov.pl/app-umw-api/ | https://api.nfz.gov.pl/app-umw-api/terms,poland-social
PLS-015,Narodowy Fundusz Zdrowia (NFZ),API Terminy Leczenia / Informator o Terminach Leczenia,Poland; service location,national-public,waiting times; healthcare access; providers,healthcare provider; service location; benefit; waiting-list aggregate,Benefit/provider/place/case record with first available date and month-end waiting-list count.,Current data; v1.3 docs point to v1.4. History unknown.,REST API; JSON; XML; Swagger,Public data API; no key described.,free,unresolved,Legacy v1.3 terms require attribution and prohibit modification/overload; check applicability to current v1.4.,v1.3 terms: 10 requests/second per IP; confirm v1.4.,Availability changes frequently; month-end counts coexist with point-in-time first dates.,Begin dated snapshots after onboarding; no historical backfill claim.,Snapshot current records at agreed cadence and retain observed-at time; not CDC.,Queue ID + provider/place/benefit/case; locality/street labels are not TERYT-certified.,First date is a volatile snapshot; month-end counts must not be summed across duplicate places.,"Overlaps NFZ contracts/providers but describes availability, not contracts or completed care.",review-first,documented,not-tested,Open and assess v1.4 docs/terms; Define snapshot cadence; Resolve provider/place identity,https://api.nfz.gov.pl/app-itl-api/ | https://api.nfz.gov.pl/app-itl-api/terms,poland-social
PLS-016,Centrum e-Zdrowia (CeZ),e-zdrowie w liczbach dashboards,Poland; some voivodeship/powiat breakdowns,national-public,digital health; e-prescriptions; e-referrals; medical events; preventive care,event-aggregate; prescription-aggregate; referral-aggregate; person-aggregate; territorial unit,Dashboard indicator by period and geography/demographic slice; downloadable structure is product-dependent.,Medical events from July 2021; e-prescriptions from 2020; other dashboards vary.,interactive dashboard; HTML,Public viewing; bulk/API access not documented.,free,unresolved,Portal copyright states all rights reserved; no dataset reuse permission verified.,Unknown.,Dashboard-dependent; no common publication schedule verified.,Only ingest if a documented export exists; otherwise retain as research/reference candidate.,Manual catalogue monitoring until a machine-readable export and terms are documented.,Dashboard indicator + period + geography; link TERYT only where actual codes are supplied.,"Counts may be events, documents or people; denominators and system adoption affect interpretation.","Overlaps NFZ and ZUS administrative measures, but P1 events represent different workflows.",conditional,documented,not-tested,Find machine-readable exports; Obtain reuse permission/terms; Document indicator definitions,https://ezdrowie.gov.pl/portal/home/badania-i-dane,poland-social
PLS-017,Ministerstwo Zdrowia / Centrum e-Zdrowia,Biuletyn Statystyczny ochrony zdrowia,"Poland and voivodeships, table-dependent",national-public,health system; morbidity; hospitals; health workforce,facility-aggregate; health-worker aggregate; patient-aggregate; territorial unit,"Annual bulletin table with hospitals, staff and selected morbidity measures.",Multiple annual editions; exact earliest online year not verified.,PDF; HTML,Public download.,free,unresolved,No explicit reuse licence verified.,Unknown.,Annual publication; correction process unknown.,Backfill available editions; parse only stable tables and retain PDFs.,Poll catalogue annually; version replacements.,Edition + table + category + geography + reference year.,"Separate establishment stocks, beds, personnel headcounts/FTE and cases.",May duplicate GUS health publications and sector-register counts with different reference dates.,review-next,documented,not-tested,Inventory edition archive; Find structured tables; Resolve reuse rights,https://ezdrowie.gov.pl/portal/home/badania-i-dane,poland-social
PLS-018,Główny Inspektorat Sanitarny (GIS),Raport – Stan Sanitarny Kraju,Poland,national-public,public health; sanitary inspection; food safety; environmental health,country; inspection-aggregate; establishment-aggregate; sample-aggregate,"Annual report table/indicator aggregated from national, voivodeship, powiat and border sanitary inspectorates.",Annual report family; opened page confirms current family but full archive start not verified.,HTML; PDF,Public download.,free,unresolved,No explicit dataset reuse licence verified on gov.pl page.,Unknown.,Annual; source materials come from regional/local inspectorates.,Load available annual reports and hand-curated stable tables.,Poll annually and version report files.,Edition/year + chapter/table/category; regional observations need source-office identifiers.,Narrative-heavy; store extracted figures with page/table provenance and definitions.,Underlying regional reports can overlap national totals; never add national and regional publications together.,specialist,documented,not-tested,Inventory report archive; Resolve reuse terms; Assess structured-data availability,https://www.gov.pl/web/gis/raport---stan-sanitarny-kraju,poland-social
PLS-019,Narodowy Instytut Zdrowia Publicznego PZH – PIB (NIZP PZH),"Biuletyny, meldunki i informacje epidemiologiczne (EPIMELD)","Poland and voivodeships, publication-dependent",national-public,infectious disease surveillance; vaccination; HIV/AIDS; influenza,case-aggregate; vaccination-aggregate; territorial unit; disease,Disease/period/geography aggregate in fortnightly notices and annual bulletins; definitions are versioned.,Fortnightly notices 1996-2026; annual disease/vaccination bulletins at least from 1999.,HTML index; PDF,Public downloads.,free,unresolved,No explicit reuse licence verified; definitions and published corrections must be retained.,No API; crawl/download limits unknown.,Fortnightly notices plus annual bulletins and occasional corrections.,Backfill annual bulletins first; add fortnightly PDFs if parsing value warrants cost.,Poll index; ingest new notices and separately apply published updates as new versions.,Disease/surveillance category + period + geography; ICD/case-definition versions change and are first-class dimensions.,Notifications are not necessarily unique patients; cumulative notices must not be summed.,CeZ infectious-disease dashboard and GIS reports may use related upstream data; methodology and refresh differ.,review-first,documented,not-tested,Resolve reuse rights; Map historical definition changes; Design cumulative-versus-period parsing,https://wwwold.pzh.gov.pl/oldpage/epimeld/index_p.html,poland-social
PLS-020,Minister Zdrowia / Centrum e-Zdrowia,Rejestr Podmiotów Wykonujących Działalność Leczniczą (RPWDL),Poland,national-public,healthcare facilities; provider register,healthcare entity; medical practice; organizational unit; service location,Public register entry for healthcare entity/practice and its units/locations; public fields only.,Current register; historical/change access not documented on opened landing page.,HTML search,Public search; structured bulk/API access not verified.,free,unresolved,Public visibility does not establish bulk redistribution rights. Exclude personal/contact data beyond necessary public professional/entity fields.,Unknown.,Operational register; update cadence/history unknown.,No bulk history proposal until an official export/API and terms are documented.,"If approved, snapshot public entity/facility fields with observed-at date.","Register-book number and entry identifiers; REGON may link legal entity, but practices/units and locations require hierarchical keys.","Separate legal entity, establishment, organizational unit and address; apply privacy field allowlist.",Overlaps NFZ providers/contracts but registration does not imply an NFZ contract.,conditional,catalogue-only,not-tested,Locate official bulk/API documentation; Legal/privacy review; Define public-field allowlist and history policy,https://rpwdl.ezdrowie.gov.pl/,poland-social
PLS-021,Ministerstwo Edukacji Narodowej / System Informacji Oświatowej,Rejestr Szkół i Placówek Oświatowych (RSPO) API and search,Poland,national-public,schools; education institutions; reference data,school; education establishment; governing body; territorial unit,"One school/establishment register entry, integrating SIO data and searchable by location or governing body.",Current register; historical coverage/change semantics unknown.,REST API; HTML search,"Public search; API is intended for integration. Authentication, quotas and bulk terms not verified.",free,unresolved,No reuse licence was found on opened pages; facility contact/person-related fields require minimization.,Unknown.,Operational register; cadence not documented.,Enumerate only after current API documentation and terms are reviewed.,"Poll modified/current entities if supported; otherwise periodic full reconciliation, without CDC claim.",RSPO number should be primary; REGON can link governing/legal entity but may be shared; address links need TERYT codes where supplied.,"Model institution, site, governing body and school type separately; status and validity dates matter.","Overlaps SIO aggregates and GUS education establishment counts; one is entity-level register, others aggregates.",review-first,catalogue-only,not-tested,Open API specification; Verify authentication/limits/licence; Define allowed public fields,https://api.rspo.gov.pl/ | https://rspo.gov.pl/institutions,poland-social
PLS-022,Centrum Informatyczne Edukacji / Ministerstwo Edukacji Narodowej,SIO public and archival education statistics,"Poland and regional Poland, table-dependent",national-public,students; teachers; graduates; special education; preschool,student-aggregate; teacher-aggregate; graduate-aggregate; territorial unit; school type,"Published aggregate table by school year, education category and geography; no pupil-level records.",Archive covers multiple school years; exact earliest year varies by subject.,HTML; XLSX; PDF,Public downloads.,free,unresolved,No explicit reuse licence verified.,Unknown.,Annual/school-year publication with topic-dependent timing.,Backfill topic archives and preserve workbook versions.,Poll annual release pages and diff replacement files.,School year + topic/category + geography; link RSPO only when school-level identifiers are actually published.,"Use school-year periods; distinguish headcount, FTE and institutions; denominators change with reforms.",GUS education tables may reproduce SIO aggregates; source and release dates should determine precedence.,review-first,documented,not-tested,Resolve reuse rights; Inventory current vs archival pages; Assess schema changes from education reforms,https://cie.gov.pl/archiwalne-dane-statystyczne/,poland-social
PLS-023,Ośrodek Przetwarzania Informacji – Państwowy Instytut Badawczy (OPI PIB),RAD-on public data and POL-on APIs,Poland,national-public,higher education; science; research institutions; research outputs,university; research institution; study programme; researcher; doctoral school; project,Entity/relationship records from POL-on public services; resource-specific grain.,POL-on 2.0-era APIs with documented releases at least from 2022; per-resource history varies.,REST API; HTML; interactive reports,Public portal; current account/API conditions and quotas need specification review.,free,unresolved,No commercial redistribution licence verified. Prioritize institutions/programmes and aggregates over researcher records.,Unknown.,Operational updates plus periodic reports; resource-specific.,Start with institutions and study programmes after terms review; avoid person-level harvesting.,Use supported update filters only if documented; otherwise snapshot and diff.,POL-on resource ID; REGON may link institutions; programme identity needs institution and version.,"Separate organizations, programmes and annual aggregates; omit unnecessary personal data.",ELA derives from POL-on plus ZUS; avoid duplicating ELA outcomes as raw POL-on measures.,review-first,catalogue-only,not-tested,Open current API specification and terms; Identify non-person resource endpoints; Document quotas/history filters,https://radon.nauka.gov.pl/api | https://radon.nauka.gov.pl/pomoc/tag/api/page/2/,poland-social
PLS-024,Ministerstwo Nauki i Szkolnictwa Wyższego / OPI PIB,Ogólnopolski system monitorowania Ekonomicznych Losów Absolwentów (ELA),Poland; institution and field of study,national-public,graduate outcomes; earnings; employment; higher education,graduate-cohort aggregate; institution; study programme; field of study,"Graduate cohort/programme outcome indicator, with reports and rankings; privacy-protected aggregates only.",Tracks outcomes shortly after graduation and up to five years after diploma; editions/cohorts vary.,HTML; interactive reports; downloadable reports,Public aggregate results.,free,unresolved,No explicit redistribution licence verified. Underlying linked ZUS/POL-on microdata are not public and are out of scope.,Unknown.,New cohorts/editions and follow-up years are added periodically.,Backfill public cohort aggregates/reports once export format and terms are confirmed.,Poll editions; append follow-up year while versioning revised indicators.,Cohort graduation year + institution/programme/field identifiers + years since diploma.,Relative earnings/unemployment indicators depend on local benchmarks; cohort suppression and programme changes must remain visible.,Derived from ZUS and POL-on; do not join back to individuals or treat as independent counts of either source.,review-first,documented,not-tested,Find machine-readable export; Resolve reuse rights; Document suppression and identifiers,https://ela.nauka.gov.pl/pl,poland-social
PLS-025,Centralna Komisja Egzaminacyjna (CKE),National examination results and reports,"Poland; school-location categories and regions, release-dependent",national-public,education outcomes; examinations,candidate-aggregate; school-location aggregate; territorial unit; exam subject,"Aggregate exam result/distribution by subject, location category and other published breakdowns; no pupil records.",Eighth-grade exam archive on opened page covers 2019-2026.,HTML; PDF; XLSX; interactive maps,Public downloads.,free,unresolved,No explicit reuse licence verified.,Unknown.,Annual preliminary and detailed releases; results may be staged.,Backfill annual summary/distribution/location tables and retain release stage.,Poll annually; version preliminary versus final files.,Exam year + exam/subject + breakdown + geography/location category.,"Percent scores, percentile scales and candidate counts are distinct; weighted aggregation requires denominators.","GUS/SIO may carry education context, not identical assessment outcomes.",review-next,documented,not-tested,Resolve reuse rights; Inventory XLSX availability by year; Document preliminary/final status,https://cke.gov.pl/egzamin-osmoklasisty/wyniki/,poland-social
PLS-026,Narodowy Instytut Dziedzictwa (NID),Ewidencja zabytków nieruchomych / heritage monument datasets,Poland,national-public,cultural heritage; monuments; historic buildings,heritage asset; address; territorial unit,One heritage-record card/list entry; public dataset metadata indicates records are created under heritage law.,Current nationwide dataset; historical versions/update archive not verified.,open-data catalogue; bulk files; HTML/maps,Public catalogue/download; authentication not indicated.,free,unresolved,The opened catalogue describes the dataset but product-specific commercial redistribution terms were not verified. Addresses may identify private property; avoid owner/person fields.,Unknown.,Ongoing official inventory; cadence/history unknown.,Snapshot official bulk files after licence and format review.,Poll catalogue modified date/files; retain source version.,Heritage register/inventory identifier + territorial/address data; link TERYT cautiously because textual addresses and boundaries change.,Separate legally registered monument from inventory card; dataset is not necessarily proof of current legal status.,May overlap voivodeship conservator registers and map portals; NID compilation can lag legal source registers.,review-next,catalogue-only,not-tested,Open NID-native download/metadata page; Verify licence and update policy; Define safe address fields,https://dane.gov.pl/pl/dataset/2627,poland-social
PLS-027,Główny Urząd Statystyczny (GUS / Statistics Poland),Kultura i dziedzictwo narodowe – annual tables,Poland and voivodeships,national-public,culture; heritage; museums; libraries; performing arts,culture institution aggregate; event aggregate; visitor aggregate; territorial unit,"Annual table cell by institution type, activity, attendance and geography.","Annual publication family; page archive includes multiple editions, exact first structured edition varies.",XLSX; ZIP; PDF; HTML,Public downloads.,free,open-conditional,GUS portal CC BY 4.0; preserve attribution and workbook footnotes.,No API quota.,Annual; release may include corrected files.,Backfill structured workbooks by edition and retain raw ZIP/PDF.,Poll annually and version replaced workbooks.,Reference year + table/sheet/category + geography.,"Institution counts, events and attendance are different facts; visitors may include repeat visits.",Many measures also appear in BDL; use publication tables when dimensions/footnotes are richer.,review-next,documented,not-tested,Confirm licence notice on each edition; Map stable sheets across editions,https://stat.gov.pl/obszary-tematyczne/kultura-turystyka-sport/kultura/kultura-i-dziedzictwo-narodowe-w-2023-roku%2C2%2C21.html,poland-social
PLS-028,Główny Urząd Statystyczny (GUS / Statistics Poland),Uczestnictwo ludności w kulturze,Poland; demographic breakdowns,national-public,cultural participation; household survey; media use,person-aggregate; household-aggregate; activity,Survey estimate by cultural activity and demographic/household category; precision tables are published.,Periodic survey; 2024 edition published with XLSX tables; earlier editions require inventory.,XLSX; PDF; HTML,Public downloads.,free,open-conditional,GUS portal CC BY 4.0; retain precision estimates and disclosure notes.,No API quota.,"Periodic, not annual; revision policy unknown.",Load each survey edition with methodology and precision workbook.,Poll for new survey editions/corrections.,Survey year + activity/indicator + demographic category.,Weighted survey estimates; percentages are non-additive and comparisons require consistent questionnaire/universe.,Complements administrative counts of culture institutions and attendance; does not represent ticketed visits directly.,review-next,documented,not-tested,Inventory prior editions; Verify comparability across questionnaire changes,https://stat.gov.pl/obszary-tematyczne/kultura-turystyka-sport/kultura/uczestnictwo-ludnosci-w-kulturze-w-2024-r-%2C6%2C4.html,poland-social
PLS-029,"Ministerstwo Rodziny, Pracy i Polityki Społecznej / Public Employment Services",Registered unemployment and labour-office vacancy statistics,"Poland, voivodeship and powiat, table-dependent",national-public,registered unemployment; job vacancies; employment services,unemployed-person aggregate; vacancy aggregate; territorial unit; occupation,Monthly aggregate by labour-office geography/category; occupation tables and vacancies are publication-dependent.,Long-running monthly administrative series; exact downloadable archive start not verified.,HTML; XLSX; PDF,Public statistics pages/files.,free,unresolved,No explicit reuse licence verified.,Unknown.,Monthly preliminary/final releases and annual summaries.,Backfill stable monthly workbooks after locating canonical archive.,Poll monthly and version preliminary/final replacements.,Reference month + territorial labour office/TERYT + category/occupation code.,Stocks at month end differ from monthly inflows/outflows and vacancies; registered unemployment differs from LFS unemployment.,GUS publishes registered unemployment too; align release source and avoid duplicate totals.,review-first,catalogue-only,not-tested,Locate canonical current archive and file schema; Resolve reuse rights; Document vacancy and occupation definitions,https://psz.praca.gov.pl/ | https://barometrzawodow.pl/,poland-social
PLS-030,"Ministerstwo Rodziny, Pracy i Polityki Społecznej / regional labour offices",Barometr Zawodów,"powiat, voivodeship and Poland",national-public,occupational shortage forecast; labour demand; vacancies,occupation; powiat; voivodeship; country,Annual expert forecast category (shortage/balance/surplus) by occupation and powiat; portal also shows occupational statistics.,Nationwide forecasts available from 2016; Małopolska has earlier results.,HTML; interactive maps; PDF,Public viewing/download.,free,unresolved,Site terms/licence for commercial reuse were not verified.,Unknown.,Annual forecast produced from expert assessment in prior-year Q3/Q4.,Backfill forecast cards/maps by year and geography after export and licence review.,Poll annually; retain methodology edition and occupation grouping.,Forecast year + powiat/voivodeship + Barometr occupation code/name.,Qualitative forecast categories are not vacancy counts; occupation group mappings change.,Uses labour-market evidence and expert judgment; must not be merged numerically with registered vacancies.,review-next,documented,not-tested,Find machine-readable export; Resolve reuse rights; Version occupation group mapping,https://barometrzawodow.pl/en/module/forecasts-on-maps | https://barometrzawodow.pl/,poland-social
PLS-031,"Ministerstwo Rodziny, Pracy i Polityki Społecznej",Social assistance and family-support statistical reports,"Poland and voivodeships, report-dependent",national-public,social assistance; family benefits; care services; poverty policy,beneficiary aggregate; household aggregate; facility aggregate; territorial unit,Annual programme/report indicator by benefit/service and geography; exact granularity varies.,Multiple programme/report cycles; no unified archive boundary verified.,HTML; XLSX; PDF,Public materials.,free,unresolved,No explicit reuse licence verified; aggregate-only scope.,Unknown.,"Usually annual reporting, programme-dependent.",Curate named stable report families; backfill files and retain form definitions.,Poll annual report pages and version revisions.,Programme/form + reference year + benefit/service category + geography.,"Beneficiaries, families, decisions, places and expenditure are not interchangeable; eligibility changes break trends.",May overlap GUS social assistance publications sourced from ministry returns.,specialist,catalogue-only,not-tested,Select named report families; Resolve reuse rights; Map legislative breaks,https://www.gov.pl/web/rodzina/analizy-i-raporty | https://www.gov.pl/web/rodzina/sprawozdawczosc,poland-social
PLS-032,Ministerstwo Rolnictwa i Rozwoju Wsi,Zintegrowany System Rolniczej Informacji Rynkowej (ZSRIR),"Poland and macroregions/markets, commodity-dependent",national-public,agricultural prices; agricultural markets; food markets,commodity; market aggregate; region; reporting establishment aggregate,Weekly/monthly commodity price and volume indicator; geography and product specification vary by market bulletin.,Legacy bulletin archive plus new portal from 2025; exact starts differ by commodity.,HTML; PDF; XLSX,Public bulletins; new portal access conditions require review.,free,unresolved,No explicit commercial reuse licence verified.,Unknown.,Weekly for major meat/grain market reports; monthly for some feed/other bulletins.,Backfill commodity-specific bulletins only where structured tables are stable.,Poll new ZSRIR portal by commodity/period; retain corrections.,Commodity specification + market stage + geography + reporting period + unit/currency.,"Prices require tax, quality, delivery and market-stage dimensions; volumes and prices must remain separate.",KOWR republishes/analyses ZSRIR market data; do not treat both as independent observations.,review-first,documented,not-tested,Open new portal technical/terms pages; Inventory structured export; Resolve series breaks in 2025 migration,https://www.gov.pl/web/rolnictwo/biuletyny-informacyjne | https://dane.gov.pl/pl/dataset/1022%2Czintegrowany-system-rolniczej-informacji-rynkowej-biuletyny-informacyjne-rynek-pasz,poland-social
PLS-033,Krajowy Ośrodek Wsparcia Rolnictwa (KOWR),Weekly agricultural market situation reports,Poland,national-public,grain markets; meat markets; agricultural prices; trade,commodity; market aggregate; country,"Weekly market report table/indicator by commodity and market stage; separate grain, meat and other market pages.","Current and archived weekly reports, with pages showing 2023-2026 examples.",HTML; PDF,Public downloads.,free,unresolved,No explicit reuse licence verified.,No API; download limits unknown.,Weekly for grain and meat pages; report files may be revised/replaced.,Backfill PDFs for selected commodities; retain report-period metadata.,Poll weekly and version by checksum.,Report week + commodity/specification + market stage + unit/currency.,Narrative/derived report values need table/page provenance; do not infer raw respondent microdata.,Frequently based on ZSRIR and other official/EU sources; preserve upstream source and avoid duplicate price points.,review-next,documented,not-tested,Resolve reuse rights; Identify upstream source per table; Assess PDF extraction stability,https://www.gov.pl/web/kowr/Rynek-zboz | https://www.gov.pl/web/kowr/Rynek-miesa,poland-social
PLS-034,Agencja Restrukturyzacji i Modernizacji Rolnictwa (ARiMR),Programme implementation and payment statistics,"Poland and regional Poland, programme-dependent",national-public,agricultural support; CAP payments; rural development,beneficiary aggregate; application aggregate; payment aggregate; territorial unit; programme,"Published aggregate programme indicator such as applications, decisions, beneficiaries or amounts; source pages vary.",CAP/programming-period dependent; no single unified historical catalogue verified.,HTML; XLSX; PDF,Public aggregate reports/materials.,free,unresolved,"No explicit reuse licence verified. Public beneficiary names, if separately published by legal obligation, are out of initial aggregate scope.",Unknown.,Campaign/programme-dependent; frequent operational updates for some schemes.,Curate aggregate statistics only after identifying stable named report families.,Poll programme statistics pages and retain reporting cutoff dates.,Programme/intervention + campaign/year + geography + measure + status/cutoff date.,"Applications, approved beneficiaries and paid amounts are different lifecycle facts; cumulative updates must not be summed.",Can overlap EU CAP transparency and GUS farm statistics; administrative support population differs from all farms.,conditional,catalogue-only,not-tested,Locate canonical aggregate statistics index; Resolve reuse rights; Exclude personal beneficiary records; Document cumulative-status semantics,https://www.gov.pl/web/arimr,poland-social
PLS-035,Główny Urząd Statystyczny (GUS / Statistics Poland),Turystyka – annual accommodation-establishment tables,"Poland and voivodeships/powiats, table-dependent",national-public,tourism; accommodation; occupancy,tourist accommodation establishment aggregate; guest aggregate; overnight-stay aggregate; territorial unit,"Annual table cell by establishment type, geography, guest origin and occupancy measure; workbook ZIP available.",Annual archive on page includes at least 2006-2025; structured-format availability varies by edition.,XLSX; ZIP; PDF; HTML,Public download.,free,open-conditional,"GUS portal CC BY 4.0; retain attribution, definitions and confidentiality markers.",No API quota.,"Annual publication, with separate short-period accommodation releases elsewhere.",Backfill annual XLSX ZIP editions and retain PDFs for methodology.,Poll annually; version corrected workbooks.,Reference year + table/sheet/category + territorial code + guest-origin category.,Establishments/bed places are stocks; guests/nights are flows; occupancy rates are non-additive.,Many indicators also appear in BDL; publication workbooks may offer richer establishment/origin detail.,review-next,documented,not-tested,Map workbook schema across editions; Confirm licensing per historical file,https://stat.gov.pl/obszary-tematyczne/kultura-turystyka-sport/turystyka/turystyka-w-2024-r-%2C1%2C22.html | https://stat.gov.pl/obszary-tematyczne/kultura-turystyka-sport/turystyka/turystyka-w-2025-r-%2C1%2C23.html,poland-social
PLG-001,Narodowy Bank Polski (NBP),NBP Web API — exchange rates and gold prices,Poland,national-public,foreign exchange; commodities,currency; country,Quotation/table by currency and effective date; gold price by publication date.,FX from 2002-01-02; gold from 2013-01-02.,REST API; JSON; XML,public; no key documented,free,unresolved,Public retrieval is documented; commercial redistribution terms were not established.,One request may span at most 93 days.,Published on NBP quotation dates; revisions are not described.,PROPOSAL: backfill only through documented public interfaces/files; retain source vintage and native labels.,PROPOSAL: poll documented release or date filters and reconcile keys; do not describe this as source CDC.,table type + currency code + effective date; gold date,Keep table A/B/C and buy/sell versus mid rates distinct.,Do not combine with market-vendor rates without source/fixing dimensions.,existing,documented,not-tested,Confirm NBP reuse terms.,https://api.nbp.pl/en.html,poland-governance
PLG-002,Narodowy Bank Polski (NBP),Balance of payments statistics,Poland,national-public,macroeconomics; external sector,country,"Period, BOP component, direction, counterpart/instrument where published.",History varies by table; no universal start date verified.,HTML; XLSX; PDF,public download,free,unresolved,Public access is documented; attachment reuse terms remain unresolved.,Unknown.,Monthly/quarterly/annual observations depending on table; vintages may revise history.,PROPOSAL: enumerate NBP BOP downloadable table families first; backfill each file separately with its publication vintage.,"PROPOSAL: use the NBP release calendar to fetch new files, then compare recent periods because publication dates are not row-level CDC.",period + BOP component + direction + unit + vintage,"Separate flows, balances, credits/debits and adjusted series.",Overlaps ECB/Eurostat/IMF copies; preserve NBP vintage.,review-first,catalogue-only,not-tested,"Map table history, stable codes and licence.",https://nbp.pl/en/statistic-and-financial-reporting/ | https://nbp.pl/en/statistic-and-financial-reporting/calendar/,poland-governance
PLG-003,Narodowy Bank Polski (NBP),International investment position and external statistics,Poland,national-public,macroeconomics; external sector; investment,country,"Stock by period, functional category, instrument and sector where published.",Dataset-specific; exact history not established.,HTML; XLSX; PDF,public download,free,unresolved,Public access does not itself establish redistribution rights.,Unknown.,Quarterly/annual tables; positions may be revised for valuation/source changes.,PROPOSAL: backfill only through documented public interfaces/files; retain source vintage and native labels.,PROPOSAL: poll documented release or date filters and reconcile keys; do not describe this as source CDC.,period + asset/liability + category + instrument + sector,Stocks are non-additive through time; separate transactions and valuation changes.,Related to BOP flows but not interchangeable; overlaps international replicas.,review-next,catalogue-only,not-tested,"Locate current table index, history and terms.",https://nbp.pl/en/statistic-and-financial-reporting/,poland-governance
PLG-004,Narodowy Bank Polski (NBP),Monetary aggregates,Poland,national-public,money; banking,country; financial institution sector,Aggregate/counterpart by month and published classification.,History varies by series.,HTML; XLSX; PDF,public download,free,unresolved,No blanket commercial licence was verified.,Unknown.,Monthly observations; historical values may be revised.,PROPOSAL: backfill each published monetary-aggregate/M3 counterpart table independently and retain hierarchy metadata.,PROPOSAL: fetch new monthly tables and reconcile all periods supplied in the replacement file; no date-filter API is documented.,period + aggregate/component + sector + unit,"Do not sum parent aggregates with components; distinguish stocks, transactions and growth.",Overlaps ECB/IMF monetary series; retain national-source lineage.,review-first,catalogue-only,not-tested,"Confirm history, codes and reuse terms.",https://nbp.pl/en/statistic-and-financial-reporting/monetary-and-financial-statistics/,poland-governance
PLG-005,Narodowy Bank Polski (NBP),Banking and MFI balance-sheet statistics,Poland,national-public,banking; financial institutions,financial institution sector; country,"Sector aggregate by item, counterparty, currency and period.",Dataset-specific; no universal start date verified.,HTML; XLSX; PDF,public download,free,unresolved,Systematic commercial reuse terms remain unresolved.,Unknown.,Mostly monthly/quarterly; release and observation dates differ.,"PROPOSAL: backfill each downloadable MFI/banking table by reporting universe, measure type and vintage.",PROPOSAL: poll the publication page for new monthly/quarterly files and recompare recent periods; no source CDC is documented.,period + reporting sector + item + counterparty + currency,"Store stocks, transactions and rates separately; universe changes affect comparability.",KNF prudential data use different purposes/universes.,review-first,catalogue-only,not-tested,Inventory tables and series breaks.,https://nbp.pl/en/statistic-and-financial-reporting/monetary-and-financial-statistics/,poland-governance
PLG-006,Narodowy Bank Polski (NBP),Interest-rate statistics,Poland,national-public,interest rates; banking,country; financial institution sector,"Rate by instrument, customer sector, maturity/fixation and period.",Dataset-specific; no single start date verified.,HTML; XLSX; PDF,public download,free,unresolved,Reuse terms remain unresolved.,Unknown.,Monthly or policy-event observations; revisions unknown.,PROPOSAL: backfill only through documented public interfaces/files; retain source vintage and native labels.,PROPOSAL: poll documented release or date filters and reconcile keys; do not describe this as source CDC.,period/date + rate family + instrument + sector + maturity,"Percentages are non-additive; separate policy, new-business and stock rates.",May overlap ECB harmonised series.,review-next,catalogue-only,not-tested,"Verify current landing page, history and licence.",https://nbp.pl/en/statistic-and-financial-reporting/basic-charts/,poland-governance
PLG-007,Ministry of Finance,State budget acts and execution publications,Poland,national-public,public finance; budget,country; government unit,Budget year/classification line; monthly execution and annual plan documents.,Monthly execution sections from 2018; older material archived.,HTML; XLSX; PDF,public download,free,dataset-specific,Gov.pl text is CC BY-SA 4.0; attachments require individual review.,Unknown.,Monthly reports and annual acts; page modification time is not an observation date.,PROPOSAL: load annual budget acts and the documented monthly execution files from 2018 onward; use the linked archive separately for earlier years.,PROPOSAL: append each monthly cumulative report and reconcile prior months within the year; page modification time is not observation CDC.,year + report month + classification + measure,"Separate plan, amended plan, cumulative execution and flow.",Overlaps Sejm/ELI legal texts and portal mirrors.,review-first,documented,not-tested,Map attachment schemas and licences.,https://www.gov.pl/web/finanse/budzet-panstwa | https://www.gov.pl/web/finanse/sprawozdania-operatywne-miesieczne,poland-governance
PLG-008,Ministry of Finance,Treasury debt time series and monthly bulletin,Poland,national-public,public debt; public finance,country; debt instrument,"Treasury debt by instrument, domestic/foreign criterion and period.",Official workbook and monthly bulletins; first period requires file inspection.,XLSX; PDF; HTML,public download,free,dataset-specific,Gov.pl text terms do not settle attachment rights.,Unknown.,Monthly; preliminary and final values may differ.,"PROPOSAL: load the official Treasury-debt time-series workbook, then retain each monthly bulletin as a source vintage.",PROPOSAL: replace/reconcile the newest workbook periods when a bulletin/file appears; preliminary figures must remain distinguishable from final data.,month + instrument + issuance market/currency + vintage,"Stocks are non-additive over time; retain value, share and change separately.",Do not add to public-finance-sector debt; scope differs.,review-first,catalogue-only,not-tested,"Confirm workbook schema, revisions and licence.",https://www.gov.pl/web/finanse/szeregiczasowe | https://www.gov.pl/attachment/cdea605f-3278-4a55-af7b-0162d548ea0f,poland-governance
PLG-009,Ministry of Finance,Public finance sector debt statistics,Poland,national-public,public debt; public finance,country; government sector,"Debt by subsector, instrument and consolidation/methodology.",Quarterly/annual materials; workbook histories vary.,XLSX; PDF; HTML,public download,free,dataset-specific,File-level reuse terms need confirmation.,Unknown.,Quarterly with revisions; national and EU methodologies can coexist.,PROPOSAL: backfill each public-sector-debt workbook separately by national/EDP methodology and consolidation basis.,"PROPOSAL: load each quarterly release and compare all periods present, retaining revisions rather than treating the release date as CDC.",period + methodology + consolidation + subsector + instrument,Keep EDP/ESA and national definitions distinct; stocks are non-additive.,Overlaps NBP and Eurostat; never sum with Treasury debt.,review-first,documented,not-tested,Document consolidation and breaks.,https://www.gov.pl/web/finanse/zadluzenie-sektora-finansow-publicznych,poland-governance
PLG-010,Ministry of Finance,Local-government budget reports (sprawozdania budżetowe JST),Poland,national-public,local government finance; budget,municipality; county; city with county rights; voivodeship,Individual reporting-unit lines plus aggregates and forecasts.,Annual sections 2018–2026 and archive to 2001.,XLSX; DBF; HTML,public download,free,dataset-specific,Downloadable files are public; database/attachment rights need review.,Unknown.,"Monthly, quarterly or annual by report form; corrections may replace submissions.","PROPOSAL: load the published JST databases by report form and year, using 2018–2026 sections plus the separate archive to 2001.",PROPOSAL: replace affected report-period partitions when corrected files appear; do not infer row changes from page metadata.,TERYT/REGON where present + JST type + form + class + period,"Keep revenue, expenditure, commitments and receivables separate; totals overlap.",MF submissions may underlie GUS/BDL indicators.,review-first,catalogue-only,not-tested,"Inspect formats, identifiers, corrections and licence.",https://www.gov.pl/web/finanse/sprawozdania-budzetowe,poland-governance
PLG-011,Head of the National Revenue Administration / Ministry of Finance,VAT taxpayer list and API,Poland,national-public,tax; business registry; payments,enterprise; bank account,Point-in-time VAT status and settlement accounts by NIP/REGON/account/name.,Lookup date no earlier than five years before current year.,REST API; HTML lookup; flat file,public; no key stated,free,open-conditional,Tax portal content is free to use; confirm database/account redistribution rules.,Unknown.,Daily point-in-time status; API page versions are not record CDC.,PROPOSAL: prefer the documented official flat file for authorised bulk snapshots; use API/HTML only for dated targeted verification.,PROPOSAL: store checked-date snapshots and follow current documented API limits; do not infer changes from API documentation version dates.,NIP/REGON + checked date; account,Status is effective-dated; accounts are sensitive business identifiers.,Adds tax status to KRS/CEIDG identities.,conditional,documented,not-tested,"Review current API limits, flat-file licence and redistribution.",https://www.podatki.gov.pl/wykaz-podatnikow-vat-wyszukiwarka | https://www.gov.pl/web/kas/api-wykazu-podatnikow-vat,poland-governance
PLG-012,Ministry of Justice,Open KRS API (API Rejestrów Sądowych),Poland,national-public,business registry; governance,enterprise; nonprofit,Current/full register extract for a known KRS number.,Current and full extracts; historical-event horizon not established.,REST API; JSON,public; no key documented,free,unresolved,Public access is clear; bulk redistribution rights and service limits are not.,Unknown.,Reflects registered records; no official change-feed guarantee verified.,PROPOSAL: fetch current/full extracts only for KRS identifiers obtained from an authorised source; no enumeration route is documented here.,"PROPOSAL: re-fetch known KRS numbers and compare canonical payloads after limits/terms review; this is polling, not CDC.",KRS primary; NIP and REGON when present,"Model entity, section and roles; minimize natural-person fields.",Complements RDF and CEIDG; legal-form scopes differ.,review-first,catalogue-only,not-tested,"Confirm terms, quotas, enumeration and person-data policy.",https://prs.ms.gov.pl/krs/openApi | https://dane.gov.pl/en/dataset/27606%2Capi-krajowego-rejestru-sadowego-api-krs,poland-governance
PLG-013,Ministry of Justice,Repository of Financial Documents (RDF) viewer,Poland,national-public,company filings; financial statements,enterprise,"Filed document by KRS entity, reporting period and document type.",Shows documents filed through RDF; first filing year not verified.,HTML lookup; XML; XAdES; PDF,public viewer; search by KRS; no bulk API documented,free,restricted,Free viewing/download does not establish bulk harvesting or republication rights.,Unknown.,Filing-driven; viewer timestamps are not a CDC contract.,PROPOSAL: backfill only through documented public interfaces/files; retain source vintage and native labels.,PROPOSAL: poll documented release or date filters and reconcile keys; do not describe this as source CDC.,KRS + document ID + reporting period + type,"Preserve signed filing; derived facts need taxonomy, sign and unit controls.",Links directly to KRS; primary evidence for filed accounts.,conditional,catalogue-only,not-tested,No bulk route; clarify reuse and person-data obligations.,https://rdf-przegladarka.ms.gov.pl/,poland-governance
PLG-014,Ministry of Economic Development and Technology,CEIDG and Biznes.gov.pl Data Warehouse/API,Poland,national-public,business registry; entrepreneurship,sole trader; enterprise,"Registered entrepreneur/activity records, reports and statistics.",Current warehouse; history/change retention require verification.,REST API; HTML; reports,registration/API key appears required; confirm current flow,free,unresolved,Legal notes identify the warehouse; commercial redistribution and personal-data conditions need review.,Unknown.,Current-data service; no CDC guarantee assumed.,"PROPOSAL: after registration/key and terms review, backfill only through documented CEIDG warehouse/API filters; avoid personal/contact fields by default.","PROPOSAL: use documented modification filters as candidates, then reconcile entity snapshots because change retention and CDC guarantees remain unverified.",NIP/REGON + CEIDG identifiers,Separate person from activity/establishment and minimize personal/contact fields.,Complements KRS; cross-register matches need effective dating.,review-first,catalogue-only,not-tested,"Confirm auth, quotas, history, terms and legal basis.",https://dane.biznes.gov.pl/ | https://www.biznes.gov.pl/en/portal/034100 | https://pliki.biznes.gov.pl/akademia/Hurtownia_danych/HD%20CEIDG%20-%20API%20v2%20Hurtowni%20Danych%20-%20Dokumentacja%20dla%20integrator%C3%B3w%20v3.1.pdf,poland-governance
PLG-015,Ministry of Finance,Central Register of Beneficial Owners (CRBR),Poland,national-public,beneficial ownership; business registry; anti-money laundering,enterprise; person,Entity submission and beneficial-owner/control relationships.,Current register; history/retained amendments not established.,HTML lookup,public lookup; no bulk/API method documented,free,restricted,Identifiable people and control data; public lookup does not authorize bulk profiling or redistribution.,Unknown.,Submission-driven; service-page dates are not record CDC.,PROPOSAL: backfill only through documented public interfaces/files; retain source vintage and native labels.,PROPOSAL: poll documented release or date filters and reconcile keys; do not describe this as source CDC.,KRS/NIP where present + entity + beneficiary/control,High-risk person data; retain only fields necessary for an approved purpose.,Complements KRS but has distinct legal definitions/scope.,conditional,documented,not-tested,"No bulk API; legal basis, retention and redistribution unresolved.",https://www.podatki.gov.pl/crbr/,poland-governance
PLG-016,Polish Financial Supervision Authority (KNF),Supervised-entity registers and search,Poland,national-public,financial regulation; business registry,financial institution; enterprise,Institution/list entry by sector and authorization/register status.,Current registers across regulated sectors; history varies.,HTML lookup; download files,public browsing; downloads vary,free,unresolved,Licence and bulk availability must be checked per register.,Unknown.,Changes with supervisory status; no common version feed.,PROPOSAL: inventory each KNF sector register and load only official downloadable tables; do not automate HTML-only lists before terms review.,PROPOSAL: snapshot each authorised register separately and track effective/status dates where supplied; no common KNF change feed is documented.,KNF register number + KRS/NIP/LEI where present,Authorization scope is effective-dated; absence is not proof of status.,Links to KRS and EU sector registers.,review-first,documented,not-tested,"Per-register format, history and terms differ.",https://www.knf.gov.pl/podmioty,poland-governance
PLG-017,Polish Financial Supervision Authority (KNF),Banking-sector data and sector information,Poland,national-public,banking; prudential statistics,banking sector; financial institution,"Sector aggregates by bank type, balance sheet, profit, credit quality and capital.",Historical depth varies by workbook/report.,XLSX; PDF; HTML,public download,free,unresolved,No universal licence for attachments verified.,Unknown.,Monthly/quarterly/annual depending on table; revisions possible.,PROPOSAL: backfill only through documented public interfaces/files; retain source vintage and native labels.,PROPOSAL: poll documented release or date filters and reconcile keys; do not describe this as source CDC.,period + bank universe + measure + unit,Ratios are non-additive; solo/consolidated bases and universe changes matter.,NBP banking statistics use different definitions.,review-next,catalogue-only,not-tested,"Locate stable index, metadata, history and licence.",https://www.knf.gov.pl/dla_rynku/Informacje_sektorowe,poland-governance
PLG-018,Polish Financial Supervision Authority (KNF),"Insurance, pension and other financial-sector information",Poland,national-public,insurance; pensions; financial services,financial institution; financial sector,Sector tables/reports by institution type and period.,Dataset-specific; no common first year verified.,XLSX; PDF; HTML,public download,free,unresolved,Attachment reuse terms remain unresolved.,Unknown.,"Monthly, quarterly or annual by supervised sector.",PROPOSAL: backfill only through documented public interfaces/files; retain source vintage and native labels.,PROPOSAL: poll documented release or date filters and reconcile keys; do not describe this as source CDC.,period + sector + institution class + measure + unit,"Do not mix assets, flows, participants and ratios.",May overlap NBP/EU supervisory outputs.,review-next,catalogue-only,not-tested,"Map tables, history, identifiers and terms.",https://www.knf.gov.pl/dla_rynku/Informacje_sektorowe,poland-governance
PLG-019,Polish Financial Supervision Authority (KNF),KNF Public Warning List,Poland,national-public,financial regulation; enforcement,enterprise; person,"Warning entry with subject, identifiers, prosecutor, legal provision and notes.",Cumulative list; first date/history not verified.,HTML,public browsing,free,restricted,Entries concern allegations/proceedings and may name people; context/status must be preserved.,Unknown.,Updated with notifications and proceeding information; no feed documented.,PROPOSAL: backfill only through documented public interfaces/files; retain source vintage and native labels.,PROPOSAL: poll documented release or date filters and reconcile keys; do not describe this as source CDC.,KRS/NIP/REGON where present + subject + legal basis,Never infer final liability; model allegation and procedural status over time.,Must not overwrite KRS/CEIDG registry status.,specialist,documented,not-tested,High reputational/person-data risk; no bulk rights verified.,https://www.knf.gov.pl/dla_konsumenta/ostrzezenia_publiczne,poland-governance
PLG-020,Office of Competition and Consumer Protection (UOKiK),Database of decisions of the President of UOKiK,Poland,national-public,competition; consumer protection; enforcement,enterprise; government decision,"Decision/document by case number, date, area and party.",Historical coverage depends on collection; start not established.,HTML search; PDF,public browsing,free,unresolved,Published decisions may be redacted; systematic reuse rights need verification.,Unknown.,Decision-driven; corrections/appeals may alter context.,PROPOSAL: backfill only through documented public interfaces/files; retain source vintage and native labels.,PROPOSAL: poll documented release or date filters and reconcile keys; do not describe this as source CDC.,case number + decision date + proceeding type + party,"Keep decision, appeal and finality separate.",May overlap court judgments and UOKiK reports.,review-next,catalogue-only,not-tested,"Confirm coverage, bulk method, redaction and terms.",https://decyzje.uokik.gov.pl/bp/dec_prez.nsf,poland-governance
PLG-021,Office of Competition and Consumer Protection (UOKiK),Concentration decisions and notifications,Poland,national-public,merger control; competition,enterprise; transaction; government decision,"Concentration case, parties, decision and procedural dates.",Coverage/first year not verified.,HTML; PDF,public browsing,free,unresolved,Public documents do not establish database redistribution rights.,Unknown.,"Event-driven; proceeding, decision and appeal dates differ.",PROPOSAL: backfill only through documented public interfaces/files; retain source vintage and native labels.,PROPOSAL: poll documented release or date filters and reconcile keys; do not describe this as source CDC.,case number + parties + transaction + decision date,A decision is not a completed transaction; preserve conditions and appeals.,Subset/view of broader UOKiK decisions; deduplicate by case.,review-next,catalogue-only,not-tested,"Verify index URL, coverage and terms.",https://uokik.gov.pl/koncentracje,poland-governance
PLG-022,Public Procurement Office (UZP),e-Zamówienia / BZP read API,Poland,national-public,public procurement,contracting authority; supplier; procurement notice,National procurement notice/statistics and procedure-plan records.,Platform-era notices; history/legacy migration need confirmation.,REST API; JSON; HTML,BZP reading needs no integration procedure; other APIs do,free,open-conditional,API regulations govern use; distinguish read APIs from submission APIs.,Unknown.,Notice publication/correction events; publication is not award CDC.,"PROPOSAL: backfill only the BZP notice/statistics read API, which requires no integration procedure; exclude submission/integration APIs.",PROPOSAL: use documented publication/update filters and reconcile notice versions; a notice update is not contract-award CDC.,notice ID + OCID/procedure ID + version + authority identifiers,"Separate plans, notices, results, changes and lots.","Overlaps TED for some notices; join by IDs, never sum notices as contracts.",review-first,documented,not-tested,"Review API regulation, quotas, history and versions.",https://ezamowienia.gov.pl/pl/integracja/,poland-governance
PLG-023,Publications Office of the European Union,TED Search API and Open Data — Poland-filtered notices,multicountry-Europe,international-public,public procurement,contracting authority; supplier; procurement notice,"EU notice, procedure and lot; filter Poland by buyer/place/country fields.",Legacy XML and eForms; eForms apps entered production 2022-11-14.,REST API; JSON; XML; bulk files,anonymous for published notice search/retrieval; key for unpublished operations,free,open-conditional,Published notices support reuse; review legal notice and person fields.,Unknown.,Publication/change notices are event based and version-linked.,PROPOSAL: use anonymous Search API/bulk access for published Poland-relevant notices; partition legacy XML and post-2022 eForms schemas.,PROPOSAL: retrieve new/change notices by documented query fields and preserve parent/version links; unpublished-notice APIs remain out of scope.,publication number + notice/version + procedure/lot IDs,"Model lifecycle, lots, buyers, winners and values separately.",Overlaps BZP; publication scope/thresholds differ.,review-first,documented,not-tested,"Review legal notice, historic schemas, limits and Poland filter.",https://docs.ted.europa.eu/api/latest/index.html,poland-governance
PLG-024,Chancellery of the Sejm,Sejm API,Poland,national-public,parliament; legislation; elections,member of parliament; committee; bill; vote; question,"Term-scoped MPs, clubs, committees, sittings, votes, prints and questions.",Multiple terms; oldest coverage varies by resource.,REST API; JSON; PDF; media,public; no key documented,free,unresolved,Official API access is clear; licence and rate limits were not established.,Unknown.,Updated with parliamentary activity; corrections possible.,PROPOSAL: traverse resources by parliamentary term; use offset/limit pagination where documented and preserve document/event/vote keys.,"PROPOSAL: poll current-term resources, using available lastChanged metadata as a signal; reconcile snapshots and prior-term corrections, without assuming CDC.",term + MP/sitting-vote/print/interpellation ID,"Keep documents, events and votes distinct; memberships are effective-dated.","Connects RCL drafts, Senate stages and ELI acts via explicit bridges.",review-first,documented,not-tested,"Confirm limits, change behavior and terms.",https://api.sejm.gov.pl/sejm.html | https://api.sejm.gov.pl/,poland-governance
PLG-025,Chancellery of the Senate,"Senate legislative process, sittings, votes and members",Poland,national-public,parliament; legislation,senator; committee; bill; vote,"Term, sitting/day, vote, print, senator and legislative-stage records.",Current and archived terms; completeness varies.,HTML; PDF; video,public browsing; no general API verified,free,unresolved,Viewing is public; systematic reuse and attachment rights require review.,Unknown.,Event-driven around sittings and legislative work.,PROPOSAL: backfill only through documented public interfaces/files; retain source vintage and native labels.,PROPOSAL: poll documented release or date filters and reconcile keys; do not describe this as source CDC.,term + sitting + day + vote; print; senator,"Keep agenda, transcript, vote and bill stage distinct.","Same bill appears across Sejm, Senate and ELI stages.",review-next,catalogue-only,not-tested,No machine interface confirmed; map archive and terms.,https://www.senat.gov.pl/prace/proces-legislacyjny-w-senacie/ | https://www.senat.gov.pl/prace/posiedzenia/,poland-governance
PLG-026,Government Legislation Centre (RCL) / Chancellery of the Sejm,ELI Poland — Dziennik Ustaw and Monitor Polski,Poland,national-public,law; official gazette,legal act; official journal,"Journal/year/position and published, consolidated or codified text.","URI documentation states years 1918-current, subject to source availability.",REST-style URIs; HTML; PDF; API,public; no key documented,free,open-conditional,"ELI describes reuse benefits, but exact licence/attribution rules need review.",Unknown.,Publication-driven; consolidated/codified versions may appear later.,"PROPOSAL: enumerate documented ELI journal/year/position resources from 1918 onward, preserving ogl/tj/uj, language and format.",PROPOSAL: append new journal positions and revisit known acts for later consolidated/codified versions; do not infer legal-status CDC.,ELI journal + year + position + text type + language + format,Published text may be authoritative; codified text may lack legal force.,Substantial overlap with ISAP and RCL/Sejm documents.,review-first,documented,not-tested,"Confirm API quotas, licence and status semantics.",https://eli.gov.pl/ | https://api.sejm.gov.pl/eli_pl.html,poland-governance
PLG-027,Chancellery of the Sejm,ISAP — Internet System of Legal Acts archive,Poland,national-public,law; official gazette,legal act; official journal,Bibliographic record and linked text for official journals.,Historical acts including pre-digital material; completeness by era unverified.,HTML; PDF,public browsing,free,unresolved,Bibliographic database and scan reuse rights not verified.,Unknown.,Updated with publications/text versions; no machine feed verified.,PROPOSAL: backfill only through documented public interfaces/files; retain source vintage and native labels.,PROPOSAL: poll documented release or date filters and reconcile keys; do not describe this as source CDC.,journal + year + number/position; ELI where present,"Separate metadata, original text and non-authoritative consolidated text.",Use as archive/fallback where ELI is incomplete.,specialist,documented,not-tested,No bulk/API route; clarify overlap and rights.,https://isap.sejm.gov.pl/isap.nsf/DocDetails.xsp?id=wdu20070500331 | https://isap.sejm.gov.pl/,poland-governance
PLG-028,Supreme Audit Office (NIK),NIK audit-results database,Poland,national-public,public audit; government performance,audit; public institution; government programme,"Audit result by publication date, division, unit, number and document type.",Search offers all-time/chosen periods; first record not stated.,HTML search; PDF,public browsing,free,unresolved,Attachment reuse and redaction conditions require review.,Unknown.,Publication date differs from audited period.,PROPOSAL: backfill only through documented public interfaces/files; retain source vintage and native labels.,PROPOSAL: poll documented release or date filters and reconcile keys; do not describe this as source CDC.,audit number + document type + publication date + audited unit,"Audit findings are documents, not additive statistics.",May cite agency statistics; cited figures are not independent NIK observations.,review-next,documented,not-tested,"Confirm archive coverage, rights and document IDs.",https://www.nik.gov.pl/kontrole/wyniki-kontroli-nik/,poland-governance
PLG-029,National Electoral Commission (PKW) / National Electoral Office (KBW),Election and referendum results data service,Poland,national-public,elections,candidate; committee; polling district; municipality; constituency,Election results; finest grain may reach polling district.,Nationwide election/referendum data from 1990.,HTML; XLSX; CSV; PDF,public download,free,unresolved,Official results are public; file licences and candidate-data handling need confirmation.,Unknown.,Event-based with corrections; each election has its own schema.,"PROPOSAL: load each official election/referendum download as its own schema, starting with the documented nationwide archive from 1990.",PROPOSAL: ingest official corrected files as new vintages keyed by election/round/area; do not assume a common cross-election change feed.,election + round + district/precinct + committee/candidate,"Votes, turnout and elector counts have different denominators; boundaries vary.","Sejm API covers activity, not election returns.",review-first,catalogue-only,not-tested,"Map downloads, licences, corrections and boundary keys.",https://pkw.gov.pl/ | https://prezydent2025.pkw.gov.pl/,poland-governance
PLG-030,Chancellery of the Prime Minister,dane.gov.pl open-data catalogue and API,Poland,national-public,open data; data catalog,dataset; resource; institution,"Catalogue metadata for datasets/resources, publisher, format, licence and updates.",Current catalogue; resource history depends on publisher.,REST API; JSON; HTML,public; Swagger available,free,dataset-specific,Each upstream resource retains its own licence and rights.,Unknown.,Catalogue changes are not upstream-data CDC.,PROPOSAL: backfill catalogue metadata through the public Swagger-documented API; do not ingest mirrored resource content as a new source.,"PROPOSAL: poll catalogue modified fields for discovery, then follow the upstream publisher’s refresh rules; catalogue change is not source-data CDC.",dataset ID + resource ID + institution ID + source URL,Gateway/dimension only; mirrored resources are not independent observations.,Overlaps nearly every publisher; upstream lineage controls onboarding.,review-first,documented,not-tested,Confirm API limits/portal terms; validate every resource upstream.,https://api.dane.gov.pl/doc/ | https://dane.gov.pl/pl,poland-governance
PLG-031,Ministry of Justice,Justice system statistical database (ISWS),Poland,national-public,courts; justice statistics,court; case category; person-aggregate,"Annual/multi-year tables by court level, district, case and measure.",History varies by publication.,XLSX; PDF; HTML,public download,free,unresolved,Attachment licence not verified.,Unknown.,Annual and occasional updates; form definitions change.,PROPOSAL: backfill only through documented public interfaces/files; retain source vintage and native labels.,PROPOSAL: poll documented release or date filters and reconcile keys; do not describe this as source CDC.,year + court/unit + case category + measure + form version,"Inflow, disposal, backlog and duration are distinct; cases differ from persons.",May overlap GUS justice tables; retain ministry definitions.,review-next,documented,not-tested,"Map tables, regional IDs, revisions and terms.",https://isws.ms.gov.pl/pl/baza-statystyczna/,poland-governance
PLG-032,Prison Service (Służba Więzienna),Prison statistics,Poland,national-public,corrections; justice statistics,prison institution; person-aggregate,"Monthly/quarterly/annual aggregates on population, capacity and custody categories.",Archive varies; recent annual files confirmed.,XLSX; PDF; HTML,public download,free,unresolved,Small cells/sensitive categories and reuse terms need review.,Unknown.,"Monthly, quarterly and annual releases; corrections possible.",PROPOSAL: backfill only through documented public interfaces/files; retain source vintage and native labels.,PROPOSAL: poll documented release or date filters and reconcile keys; do not describe this as source CDC.,period + institution/region + custody category + measure,Stocks and flows differ; categories/frequencies can overlap.,May overlap ministry/GUS aggregates.,review-next,catalogue-only,not-tested,"Verify formats, geography, suppression and licence.",https://sw.gov.pl/strona/Statystyka | https://sw.gov.pl/strona/statystyka-roczna,poland-governance
PLG-033,Polish Police Headquarters,Police Statistics portal,Poland,national-public,crime; public safety,offence-aggregate; person-aggregate; region,Crime category and selected-topic statistics by year and sometimes region.,History varies by topic; no universal start year.,HTML; XLS; PDF,public browsing/download,free,unresolved,Portal has a legal-use notice; terms and small-cell treatment need review.,Unknown.,Annual/topic updates; recording and law changes affect comparability.,PROPOSAL: backfill only through documented public interfaces/files; retain source vintage and native labels.,PROPOSAL: poll documented release or date filters and reconcile keys; do not describe this as source CDC.,year + offence/statistic + geography + measure,"Recorded/detected offences, suspects and victim reports differ.","Police, prosecution, court and GUS stages are not interchangeable.",review-next,documented,not-tested,"Review legal-use notice, history, definitions and formats.",https://statystyka.policja.pl/,poland-governance
PLG-034,Government Legislation Centre (RCL),"Government Legislative Process portal (RPL), including consultations",Poland,national-public,legislation; public consultation,draft legal act; ministry; consultation submission,"Project by type, title, creation date, applicant, work number and status, with documents.","Current, adopted and archived drafts; first year not stated.",HTML search; PDF; DOCX,public browsing; registration only to follow a project,free,unresolved,Attachments may name commenters; bulk reuse terms not established.,Unknown.,Project/document events; portal update time is not row CDC.,PROPOSAL: backfill only through documented public interfaces/files; retain source vintage and native labels.,PROPOSAL: poll documented release or date filters and reconcile keys; do not describe this as source CDC.,RCL project ID + work number + document/version,"Separate proposal, consultation, impact assessment and final act.",Links to Sejm and ELI; many drafts never become acts.,review-next,documented,not-tested,No bulk API; clarify attachment rights/person data.,https://legislacja.rcl.gov.pl/,poland-governance
PL-ENV-001,Główny Urząd Geodezji i Kartografii (GUGiK),Państwowy Rejestr Granic (PRG),Poland,national-public,administrative geography; geospatial,administrative unit; boundary,"Official administrative units, boundaries and areas; exact schema varies by release.",National snapshots; archive depth and effective-date fields require package inspection.,bulk-files; WFS; WMS,Public download and network services.,Free download.,open-conditional,GUGiK lists PRG among data downloadable free without an application; verify attribution and package notices before redistribution.,Unknown; no numeric quota was confirmed.,Updated official register; release cadence not confirmed.,PROPOSAL: capture available dated releases with source metadata.,PROPOSAL: compare release dates and checksums; do not assume change-data capture.,Use native unit identifiers plus edition/effective dates; geography joins must be vintage-aware.,Store geometry history; retain source CRS and reproject with audit metadata.,Authoritative geography backbone; overlaps map layers and statistical geographies but is not an observation series.,review-first,documented,not-tested,"Confirm package formats, license notice, archive depth, and stable identifiers.",https://www.gov.pl/web/gugik/dane-udostepniane-bez-platnie-do-pobrania-z-serwisu-wwwgeoportalgovpl | https://www.geoportal.gov.pl/pl/dane/,poland-environment
PL-ENV-002,GUGiK,Państwowy Rejestr Nazw Geograficznych (PRNG),Poland,national-public,geographical names; geospatial,named place; geographic object,Individual Polish and world geographical-name records with PRNG identifier.,Current national register plus world-name section; historical snapshots not confirmed.,WFS; WMS; bulk-files; HTML,Public services and download.,Free download.,open-conditional,PRNG is listed among free GUGiK downloads; verify package-specific attribution.,Unknown; no numeric quota was confirmed.,Register is updated; cadence unknown.,PROPOSAL: capture available dated releases with source metadata.,PROPOSAL: compare release dates and checksums; do not assume change-data capture.,"PRNG identifier; retain native name, language/status fields and geometry.",Model names separately from places because aliases and status can change.,Complements PRG and municipal address sources; names are not addresses.,review-next,documented,not-tested,"Confirm bulk format, change semantics and reuse notice.",https://www.geoportal.gov.pl/pl/dane/panstwowy-rejestr-nazw-geograficznych-prng/ | https://www.gov.pl/web/gugik/dane-udostepniane-bez-platnie-do-pobrania-z-serwisu-wwwgeoportalgovpl,poland-environment
PL-ENV-003,GUGiK,Baza Danych Obiektów Topograficznych BDOT10k,Poland,national-public,topography; buildings; transport; land cover,topographic feature; building; road; waterbody,"Vector topographic objects at 1:10,000 database scope; packages by county, voivodeship or country.","Current national packages; some archived editions are published, but systematic depth was not established.",bulk-files; WMS-index; HTML,Public download. WMS GetFeatureInfo exposes package links; it is not the object database.,Free.,open-conditional,Official page says data are free for arbitrary use; retain source/edition and inspect package notice.,Unknown; no numeric quota was confirmed.,Area packages update asynchronously.,PROPOSAL: capture available dated releases with source metadata.,PROPOSAL: compare release dates and checksums; do not assume change-data capture.,"Native object IDs, class codes, package geography and edition.",Ingest GML/object files; use WMS only as discovery. Preserve EPSG/source CRS.,May overlap EGiB buildings and road datasets at different legal/generalization levels.,review-first,documented,not-tested,Confirm application schema version and archive completeness per package.,https://www.geoportal.gov.pl/pl/dane/baza-danych-obiektow-topograficznych-bdot10k/,poland-environment
PL-ENV-004,GUGiK,Ortofotomapa (ORTO),Poland,national-public,imagery; land cover; geospatial,raster tile; survey area,"Orthophoto raster; resolution, acquisition date and coverage vary by project.",Footprint/index services expose years 1957–2026; raw availability varies by area and edition.,bulk-files; WMS; WMTS; WFS-index,"Public viewing and download. WFS is an index/footprint, not imagery pixels.",Free.,open-conditional,Official page permits free arbitrary use; inspect individual package metadata and attribution.,Unknown; no numeric quota was confirmed.,"Project/area refresh, not a single national cadence.",PROPOSAL: capture available dated releases with source metadata.,PROPOSAL: compare release dates and checksums; do not assume change-data capture.,"Footprint, acquisition year/date, resolution, sheet/package identifier.",Store asset catalogue plus raster; separate acquisition from publication time and preserve CRS.,Complements satellite imagery and NMT; do not treat map tiles as archival rasters.,review-first,documented,not-tested,"Check package-level licensing, resolutions and cloud/season metadata.",https://www.geoportal.gov.pl/pl/dane/ortofotomapa-orto/,poland-environment
PL-ENV-005,GUGiK,"NMT, NMPT and airborne laser-scanning elevation products",Poland,national-public,elevation; lidar; geospatial,raster cell; point cloud; survey area,Terrain/surface model cells and LiDAR point clouds; resolution and density vary by release.,National programme with area-specific editions; complete archive depth unconfirmed.,bulk-files; WMS; WMTS; WFS-index,Public download and viewing/index services.,Free download.,open-conditional,"GUGiK lists NMT, NMPT and LiDAR among free downloads; verify each package notice.",Unknown; no numeric quota was confirmed.,Acquisition campaigns by area.,PROPOSAL: capture available dated releases with source metadata.,PROPOSAL: compare release dates and checksums; do not assume change-data capture.,"Sheet/footprint, acquisition epoch, resolution/density and vertical reference.",Preserve vertical datum and source CRS; Geoportal examples use EPSG:2180. Do not derive change without epoch alignment.,Related products must not be summed; NMPT and NMT represent different surfaces.,review-next,documented,not-tested,"Confirm formats, vertical datums and package coverage.",https://www.geoportal.gov.pl/pl/dane/numeryczny-model-terenu-nmt/ | https://www.gov.pl/web/gugik/dane-udostepniane-bez-platnie-do-pobrania-z-serwisu-wwwgeoportalgovpl,poland-environment
PL-ENV-006,GUGiK with county cadastral authorities,Krajowa Integracja Ewidencji Gruntów i Budynków (KI EGiB) aggregate WFS,Poland,national-public,cadastre; parcels; buildings,parcel; building; cadastral unit,Parcel/building geometries and attributes supplied by participating county WFS services.,2025 service aggregates 385 county WFS sources daily; coverage is only what each county supplies.,WFS; WMS; HTML,Public aggregate query/view services; underlying official cadastral extracts may follow separate rules.,Public service free; authoritative extracts may be charged by counties.,unresolved,No blanket commercial redistribution permission was confirmed for the aggregated payload.,Unknown; no numeric quota was confirmed.,GUGiK says county data are pulled daily; source update times vary.,PROPOSAL: snapshot by county/date; no archive was documented.,PROPOSAL: spatial/ID diff snapshots; daily aggregation is not CDC.,"Parcel/building identifier, county source and snapshot date.",Track missing counties/layers explicitly and preserve provenance per feature.,Legal cadastre differs from generalized BDOT10k buildings and address points.,review-first,documented,not-tested,"Verify terms, schema heterogeneity, completeness and query limits.",https://www.geoportal.gov.pl/pl/dane/ewidencja-gruntow-i-budynkow-egib/,poland-environment
PL-ENV-007,GUGiK and municipalities,Krajowa Integracja Numeracji Adresowej / PRG address services,Poland,national-public,addresses; geospatial,address point; street,Integrated address-number and street presentation from municipal sources.,Current national integration; completeness and historical retention were not documented.,WMS; HTML,Public visualization service.,Free viewing.,unresolved,"The cited notice documents a WMS endpoint, not downloadable address objects or reuse rights.",Unknown; no numeric quota was confirmed.,Source municipalities update on differing schedules.,PROPOSAL: none until an authorized object/bulk source is confirmed.,PROPOSAL: use only a documented feature/download interface; do not scrape WMS.,Address text and source municipality; stable point identifiers unconfirmed.,Treat normalization/geocoding as derived; retain Polish spelling and source municipality.,May overlap PRG/municipal registers; a rendered map is not an address database.,conditional,documented,not-tested,"Find official object-level download/API, reuse terms, completeness and identifiers.",https://www.gov.pl/web/gugik/nowy-adres-uslug-dotyczacych-numeracji-porzadkowej,poland-environment
PL-ENV-008,Instytut Meteorologii i Gospodarki Wodnej–PIB (IMGW-PIB),"Public Data API: synoptic, hydrological, meteorological and warning feeds",Poland,national-public,weather; hydrology; warnings,station; observation; warning,"Current station observations and warnings; JSON, XML, CSV and HTML representations vary by endpoint.",Live/current feed; retention and backfill depth are not documented on the API information page.,REST-API; JSON; XML; CSV; HTML,Public without documented key.,Generally free under stated reuse conditions.,open-conditional,IMGW states commercial reuse is possible and requires attribution; preserve exact attribution requirement during legal review.,Unknown; numeric quotas were not confirmed. API protection rules are not a quota specification.,Observations/warnings refresh operationally; endpoint-specific cadence unknown.,PROPOSAL: capture available dated releases with source metadata.,PROPOSAL: compare release dates and checksums; do not assume change-data capture.,"Station ID, parameter, observation timestamp and warning identifier.",Preserve quality flags; normalize time with Europe/Warsaw/UTC offset and DST evidence.,Live API overlaps the file archive near present but is not a historical bulk substitute.,review-first,documented,not-tested,"Confirm endpoint schemas, retention, timestamps, quotas and attribution wording.",https://danepubliczne.imgw.pl/apiinfo,poland-environment
PL-ENV-009,IMGW-PIB,Public observational file archive,Poland,national-public,weather; hydrology,station; observation file,"Packaged meteorological and hydrological observations arranged in daily, monthly and longer-period directories.",Dated directory archive exists; earliest year and gaps vary by series and require inventory.,bulk-files; ZIP; directory-index,Public file download.,Generally free under IMGW reuse rules.,open-conditional,IMGW reuse terms allow commercial reuse with attribution; verify whether every archive subproduct is covered.,Unknown; no bulk-download rate policy was confirmed.,Files appear in period-based directories; publication lag and revisions are series-specific.,"PROPOSAL: manifest directories, checksums and source timestamps before selective download.",PROPOSAL: poll directory metadata and re-ingest changed files; not CDC.,"Station list/version, period, file path and publication timestamp.",Separate observation time from file release; retain missing/quality codes.,Use for backfill; reconcile overlap with live API by station/parameter/time and revision rules.,review-first,documented,not-tested,"Establish per-series years, format dictionaries and revision policy.",https://danepubliczne.imgw.pl/apiinfo | https://danepubliczne.imgw.pl/data/dane_pomiarowo_obserwacyjne/dane_hydrologiczne/,poland-environment
PL-ENV-010,Główny Inspektorat Ochrony Środowiska (GIOŚ),Portal Jakości Powietrza API,Poland,national-public,air quality; environment,monitoring station; sensor; observation,Station/sensor pollutant readings and indexes.,Current operational data; historical API retention was not confirmed.,REST-API; JSON-LD; OpenAPI,Public API.,Free public access.,open-conditional,Attribution is required. GIOŚ warns current data are unverified and may change.,Protective limits are referenced in OpenAPI but numeric values were not retrieved; verify before use.,Operational updates can be delayed by transmission outages and may be revised after verification.,PROPOSAL: capture available dated releases with source metadata.,PROPOSAL: compare release dates and checksums; do not assume change-data capture.,"Station, sensor/parameter and observation timestamp.","All API pollutant values are documented as µg/m³, including CO; preserve validation status and unit.",Do not mix provisional station readings with verified annual assessments without status.,review-first,documented,not-tested,"Confirm retention, pagination/quota, revision flags and exact attribution.",https://powietrze.gios.gov.pl/pjp/content/api,poland-environment
PL-ENV-011,GIOŚ,Surface-water monitoring results (Państwowy Monitoring Środowiska),Poland,national-public,water quality; environment,surface-water monitoring point; water body; sample; result,Monitoring-point/sample parameter results and water-body assessments; downloadable format varies by publication.,Annual/current publications; 2026 data are provisional and verified results follow after the next-year deadline stated by GIOŚ.,HTML; bulk-files,Public publication pages.,Free public access.,unresolved,No dataset-level commercial redistribution terms were confirmed.,Unknown; no numeric quota was confirmed.,Provisional current-year values followed by verified publication; corrections possible.,PROPOSAL: capture available dated releases with source metadata.,PROPOSAL: compare release dates and checksums; do not assume change-data capture.,"Monitoring-point code, water-body code, parameter and sample date.","Separate samples, status assessments and publication versions; never overwrite provisional lineage.",Wody Polskie publishes water-management geography; GIOŚ supplies environmental monitoring evidence.,review-first,documented,not-tested,"Confirm file formats, full history, licensing and coding dictionaries.",https://wody.gios.gov.pl/pjwp/publication/367 | https://www.gov.pl/web/gios/monitoring-jakosci-wod,poland-environment
PL-ENV-012,GIOŚ / Państwowy Instytut Geologiczny–PIB,Groundwater monitoring results (Monitoring Jakości Wód Podziemnych),Poland,national-public,groundwater; water quality,monitoring point; sample; aquifer; result,Monitoring-point and sample-level groundwater chemistry/quality results where published.,Annual result publications and monitoring database; complete machine-readable history not confirmed.,HTML; XLS; map,Public result pages; underlying hydrogeological database access may differ.,Free publications.,unresolved,No uniform redistribution terms were confirmed across GIOŚ results and PIG database.,Unknown; no numeric quota was confirmed.,Campaign-based/annual publication; exact validation and revision schedule varies.,PROPOSAL: capture available dated releases with source metadata.,PROPOSAL: compare release dates and checksums; do not assume change-data capture.,"Monitoring-point ID, aquifer, parameter, sample date and campaign.","Retain analytical method, detection limits and verification status when available.","Complements PIG hydrogeology maps; monitoring results are observations, not aquifer geometry.",review-next,catalogue-only,not-tested,"Open/download current files and verify schemas, terms and historical depth.",https://mjwp.gios.gov.pl/wyniki-badan/wyniki-badan-2025.html | https://www.pgi.gov.pl/psh/dane-hydrogeologiczne-psh/947-bazy-danych-hydrogeologiczne/8887-bazy-danych-monitoring-wod-podziemnych.html,poland-environment
PL-ENV-013,Państwowe Gospodarstwo Wodne Wody Polskie,Hydroportal / water-management spatial data,Poland,national-public,water management; flood risk; drought,water body; flood-hazard zone; planning unit,"Flood hazard/risk, water-body and planning geometries; availability differs by theme.","Current national planning/map editions; some dated plan cycles, but uniform archive depth unknown.",WMS; download-services; HTML,Public viewer and spatial services; copies/parts are downloadable where technically feasible.,Viewer free; some formal data provision may involve request or fees.,dataset-specific,Access and reuse must be checked per SIGW theme and provision route.,Unknown; no numeric quota was confirmed.,Theme/plan-cycle specific.,PROPOSAL: capture available dated releases with source metadata.,PROPOSAL: compare release dates and checksums; do not assume change-data capture.,"Water-body/plan identifiers, map edition and scenario.","Preserve scenario, probability and legal-plan edition; a WMS layer is presentation.",Flood layers overlap IMGW hydrology and GIOŚ water quality but represent modeled/managed concepts.,review-first,documented,not-tested,"Inventory downloadable themes, formats, terms, fees and historical editions.",https://www.gov.pl/web/wody-polskie/udostepnianie-danych-z-systemu-informacyjnego-gospodarowania-wodami,poland-environment
PL-ENV-014,Państwowy Instytut Geologiczny–PIB (PIG-PIB),Central Geological Database: boreholes (CBDG Otwory),Poland,national-public,geology; boreholes,borehole; geological record,Individual boreholes and associated thematic attributes.,Records from the late nineteenth century to present; completeness varies by source and period.,map; WMS; bulk-files; SHP; HTML,Public map and downloadable layers documented.,Free public access; reuse terms unresolved.,unresolved,Public SHP download does not establish commercial redistribution rights.,Unknown; no numeric quota was confirmed.,Database is maintained; cadence unknown.,PROPOSAL: capture available dated releases with source metadata.,PROPOSAL: compare release dates and checksums; do not assume change-data capture.,"Borehole identifier, coordinates, depth and source record.","Retain coordinate system, positional quality and source-era metadata.",CBDG is a family gateway; this row covers the named borehole subsystem only.,review-next,documented,not-tested,"Confirm SHP license, attribute dictionary and revision behavior.",https://baza.pgi.gov.pl/podsystemy/otwory | https://www.pgi.gov.pl/dane-geologiczne/geologiczne-bazy-danych.html,poland-environment
PL-ENV-015,PIG-PIB,MIDAS mineral deposits and mining areas database,Poland,national-public,minerals; mining; geology,deposit; mining area; concession,"Deposit, mining area/land and concession records with geometry.",Current national resource; historical/version depth unconfirmed.,HTML; map; WMS; WFS; bulk-files; SHP,Public search/map and advertised spatial downloads/services.,Free public access; legal reuse terms unresolved.,unresolved,Confirm terms for WFS/SHP reuse before onboarding.,Unknown; no numeric quota was confirmed.,Maintained database; cadence and concession-effective dating require inspection.,PROPOSAL: capture available dated releases with source metadata.,PROPOSAL: compare release dates and checksums; do not assume change-data capture.,"Deposit ID/name, mining-area ID and concession reference.","Separate deposits, legal areas and concessions; retain validity dates and status.","Overlaps CBDG geology but describes resources/legal exploitation, not borehole observations.",review-first,documented,not-tested,"Verify WFS/SHP endpoints, license, schema and archived states.",https://www.pgi.gov.pl/midas.html | https://midas-app.pgi.gov.pl/,poland-environment
PL-ENV-016,PIG-PIB / Państwowa Służba Hydrogeologiczna,Mapa Hydrogeologiczna Polski (MHP) data,Poland,national-public,hydrogeology; groundwater,hydrogeological unit; map sheet,Map sheets and hydrogeological vector/database layers.,National map editions; dates vary by sheet/layer.,JPG; PDF; SHP-by-request; MDB-by-request,JPG/PDF public; database/SHP available on user request.,Mixed/unknown for requested database files.,restricted,Machine-readable database access is request-based; commercial and redistribution rights not established.,Unknown; no numeric quota was confirmed.,Edition/sheet based; cadence unknown.,PROPOSAL: capture available dated releases with source metadata.,PROPOSAL: compare release dates and checksums; do not assume change-data capture.,"Sheet, hydrogeological unit and edition.",Sources may use PL-1992 or legacy PL-1942; retain and transform CRS explicitly.,Related to monitoring points and Wody Polskie units; geometries/semantics differ.,conditional,documented,not-tested,"Clarify request approval, cost, license, formats and coverage by layer.",https://www.pgi.gov.pl/psh/dane-hydrogeologiczne-psh/947-bazy-danych-hydrogeologiczne/8888-dane-hydrogeologiczne-mhp.html,poland-environment
PL-ENV-017,Generalna Dyrekcja Ochrony Środowiska (GDOŚ),CRFOP and BDZP nature-protection spatial services,Poland,national-public,protected areas; biodiversity; habitats,protected area; species site; habitat,Protected-area boundaries plus protected species/habitat spatial records.,Current national services; CRFOP updates depend on regional/local authorities and archive depth is unknown.,WMS; WFS; HTML,Public spatial services.,Free public access.,unresolved,No blanket commercial reuse terms were confirmed; sensitive-species constraints require review.,Unknown; no numeric quota was confirmed.,"Source-dependent updates; authoritative legal acts, not map geometry, determine protected boundaries.",PROPOSAL: capture available dated releases with source metadata.,PROPOSAL: compare release dates and checksums; do not assume change-data capture.,"Protection-form/site identifier, legal act and service version.",Keep legal status and geometry provenance; do not present service boundary as dispositive.,Overlaps forest and water areas spatially but supplies protection designations.,review-first,documented,not-tested,"Confirm WFS schemas, licenses, sensitive-data policy and historical versions.",https://www.gov.pl/web/gdos/dostep-do-danych-geoprzestrzennych,poland-environment
PL-ENV-018,Lasy Państwowe,Bank Danych o Lasach (BDL) OGC services,Poland,national-public,forestry; land cover; recreation,forest compartment; forest boundary; tourism object; fire road,Forest boundaries/compartments and selected tourism/fire-road vector features; other themes are view-only.,Current nationwide forest resource; archive/version depth not documented.,WMS; WMTS; WFS; OGC-API-Features,Public OGC endpoints.,Free public access; reuse terms unresolved.,unresolved,Confirm terms before commercial redistribution.,Unknown; no numeric quota was confirmed.,Layer-specific cadence unknown.,PROPOSAL: capture available dated releases with source metadata.,PROPOSAL: compare release dates and checksums; do not assume change-data capture.,Forest district/compartment identifiers and feature IDs.,Inventory each layer/interface; WMS themes must not be treated as downloadable objects.,This forestry BDL is distinct from GUS Bank Danych Lokalnych. It overlaps BDOT land cover and GDOŚ areas.,review-first,documented,not-tested,"Confirm reuse license, feature schemas, pagination/limits and historical versions.",https://www9.bdl.lasy.gov.pl/portal/uslugi-ogc?v=1,poland-environment
PL-ENV-019,Polskie Sieci Elektroenergetyczne (PSE),PSE Reports API v2 and market/system reports,Poland,national-public,electricity; power system; balancing market,market interval; system interval; generation unit aggregate,Published system and balancing-market measures by report and interval.,Current v2 API plus dated historical report pages; series-specific start dates require inventory.,REST-API; OpenAPI; HTML; bulk-files,Public API and reports.,Free public access; reuse rights unresolved.,unresolved,No clear commercial redistribution license was confirmed.,Unknown; inspect OpenAPI and operating policy for paging/throttling.,Operational/market publications at series-specific intervals; corrections possible.,PROPOSAL: capture available dated releases with source metadata.,PROPOSAL: compare release dates and checksums; do not assume change-data capture.,"Report code, business date, interval/time and publication version.","Retain published timezone/offset and distinguish delivery, business and publication dates.",PSE is authoritative upstream for many electricity dashboards; do not double-count mirrors.,review-first,documented,not-tested,"Confirm endpoint catalog, history, revision rules, timezone and license.",https://api.raporty.pse.pl/ | https://www.pse.pl/-/najwazniejsze-dane-o-pracy-systemu-elektroenergetycznego-i-rynku-bilansujacego-w-nowej-odslonie,poland-environment
PL-ENV-020,Urząd Regulacji Energetyki (URE),Energy price indicators and small-renewable-installation reports,Poland,national-public,electricity prices; renewable energy; regulation,market indicator; installation aggregate; technology,Quarterly/annual price indicators and annual aggregates for small renewable installations.,"Price series vary; small-installation reports are annual since 2016, with definition change noted from 2021.",HTML; PDF; bulk-files,Public publications.,Free public access.,unresolved,Publication access is documented; dataset redistribution terms were not found.,Unknown; no numeric quota was confirmed.,Indicator-specific quarterly/annual updates; annual renewable reports may revise definitions.,PROPOSAL: capture available dated releases with source metadata.,PROPOSAL: compare release dates and checksums; do not assume change-data capture.,"Indicator/report year, price type, technology and capacity band.",Model definitions as versioned metadata; do not splice pre/post-2021 installation scope blindly.,URE regulatory aggregates overlap PSE operational data but measure different populations.,review-next,documented,not-tested,"Inventory downloadable formats, definitions, revisions and reuse terms.","https://www.ure.gov.pl/pl/energia-elektryczna/ceny-wskazniki | https://www.ure.gov.pl/pl/urzad/informacje-ogolne/aktualnosci/12642,Male-instalacje-OZE-w-2024-r.html",poland-environment
PL-ENV-021,Operator Gazociągów Przesyłowych GAZ-SYSTEM S.A.,Gas transmission transparency data,Poland,national-public,natural gas; transmission infrastructure; operations,interconnection point; gas-day measure; maintenance event,"Capacity, nominations, actual flows, calorific value and planned-work disclosures by relevant point/time.",Current and historical transparency pages vary by series; depth unconfirmed.,HTML; downloads; external-transparency-links,Public transparency data; shipper imbalance information requires authenticated SWI access.,Public pages free; authenticated service terms separate.,unresolved,No machine-data redistribution license was confirmed.,Unknown; no numeric quota was confirmed.,Operational series and planned-work notices update on different schedules.,PROPOSAL: capture available dated releases with source metadata.,PROPOSAL: compare release dates and checksums; do not assume change-data capture.,"Point code, gas day, direction and metric.","Preserve gas-day/calendar conventions, units and provisional/revised status.",May mirror or link ENTSOG transparency; retain publisher/source chain.,review-next,documented,not-tested,"Determine direct formats/API, history, gas-day timezone, license and public/auth boundaries.",https://www.gaz-system.pl/en/for-customers/market-information/data-transparency.html,poland-environment
PL-ENV-022,Generalna Dyrekcja Dróg Krajowych i Autostrad (GDDKiA),Generalny Pomiar Ruchu (GPR),Poland,national-public,road traffic; transport,road section; traffic count; vehicle class,Average traffic/count statistics by measured national or voivodeship road section and vehicle class.,Named survey editions including 2020/2021; historical editions need catalogue inventory.,bulk-files; PDF; maps; HTML,Public downloads/publications.,Free public access.,unresolved,No explicit commercial redistribution terms confirmed.,Unknown; no numeric quota was confirmed.,"Periodic general-count campaign, not live traffic.",PROPOSAL: capture available dated releases with source metadata.,PROPOSAL: compare release dates and checksums; do not assume change-data capture.,"Road number, section endpoints/ID, survey edition and vehicle class.",Preserve road-network vintage and section geometry; comparisons require boundary matching.,Not comparable to real-time traffic feeds without temporal aggregation and method alignment.,review-first,documented,not-tested,"Confirm machine format, section geometry keys, methodology changes and license.",https://www.gov.pl/web/gddkia/generalny-pomiar-ruchu-20202021,poland-environment
PL-ENV-023,GDDKiA,Road programme and infrastructure downloads (RPBDK/MOP),Poland,national-public,road infrastructure; investment,road project; service area; road section,Road-programme records in XML plus service/parking-place listings; schemas differ by product.,Current programme implementation and lists; archive depth unconfirmed.,XML; XSD; bulk-files; HTML,Public downloads.,Free public access.,unresolved,Terms for commercial reuse were not confirmed.,Unknown; no numeric quota was confirmed.,Programme/list updates; cadence unknown.,PROPOSAL: capture available dated releases with source metadata.,PROPOSAL: compare release dates and checksums; do not assume change-data capture.,"Project/section identifiers, road number, location and publication date.",Version projects and statuses; coordinates/list locations may need geocoding with source retained.,"Complements GPR traffic counts; it describes assets/programmes, not traffic observations.",review-next,documented,not-tested,"Inspect XML schema, history, stable IDs and reuse terms.",https://www.gov.pl/web/gddkia/dane-do-pobrania,poland-environment
PL-ENV-024,Ministerstwo Cyfryzacji / Centralna Ewidencja Pojazdów i Kierowców,CEPiK public API,Poland,national-public,vehicles; transport,vehicle model/registration aggregate; public registry record,Selected public vehicle data with more than 60 published parameters; exact endpoint grains vary.,Current registry/API; historical retention and revision behavior require endpoint review.,REST-API; Swagger; JSON,"Public, free API.",Free.,open-conditional,Official page allows commercial and noncommercial reuse with source attribution; only selected registry data are exposed.,Unknown; no quota confirmed from the overview.,Registry-backed updates; timing and caching unknown.,PROPOSAL: capture available dated releases with source metadata.,PROPOSAL: compare release dates and checksums; do not assume change-data capture.,Endpoint-specific vehicle/registry identifiers; privacy-safe fields only.,Respect scope filters and code dictionaries; do not infer owners/persons from public records.,Vehicle stock may overlap official aggregates; API records and statistical totals are different grains.,review-first,documented,not-tested,"Review Swagger, paging, history, suppressed fields and attribution implementation.",https://www.gov.pl/web/cepik/api-dla-centralnej-ewidencji-pojazdow-i-kierowcow-api-do-cepik | https://api.cepik.gov.pl/doc,poland-environment
PL-ENV-025,Urząd Transportu Kolejowego (UTK),Rail Data Portal (Dane UTK),Poland,national-public,rail transport; passenger traffic; freight traffic,operator aggregate; station aggregate; region; rolling stock,"Operational, passenger/freight, punctuality, station, regional and rolling-stock statistics at dataset-specific grain.",Portal series include recent years; earlier reports may remain in UTK archive.,HTML; charts; bulk-files; PDF,Public portal.,Free public access.,unresolved,Dataset-level commercial redistribution rights not confirmed.,Unknown; no numeric quota was confirmed.,Monthly/quarterly/annual depending series.,PROPOSAL: capture available dated releases with source metadata.,PROPOSAL: compare release dates and checksums; do not assume change-data capture.,"Period, operator/category, station/region and metric definition.",Preserve confidentiality suppression and definition revisions; passenger and train counts are non-additive across views.,UTK is the regulatory statistical source; operator/open-transit data have different scope.,review-first,documented,not-tested,"Inventory formats, history, licenses, revisions and geographic coding.",https://dane.utk.gov.pl/ | https://utk.gov.pl/pl/raporty-i-analizy/analizy-i-monitoring/statystyka-przewozow-pa,poland-environment
PL-ENV-026,Urząd Lotnictwa Cywilnego (ULC),Airport traffic statistics,Poland,national-public,aviation; passenger traffic; airports,airport; quarter; traffic metric,"Quarterly airport passengers, operations and related measures by Polish airport.","Download tables extend back at least to 2008–2010, depending measure.",HTML; bulk-files,Public downloads.,Free public access.,unresolved,No explicit commercial redistribution license confirmed.,Unknown; no numeric quota was confirmed.,Quarterly with rolling multi-year files.,PROPOSAL: capture available dated releases with source metadata.,PROPOSAL: compare release dates and checksums; do not assume change-data capture.,"Airport, quarter/year and measure.",Retain reporting definition; domestic passengers may be counted at both origin and destination.,Airport totals can overlap port/route reports; do not sum views without definition checks.,review-next,documented,not-tested,"Confirm file formats, airport codes, revision policy and terms.",https://ulc.gov.pl/statystyki-analizy/statystyki-wg-portow-lotniczych | https://ulc.gov.pl/statystyki-analizy/statystyki-ruch-krajowy,poland-environment
PL-ENV-027,Zarząd Morskiego Portu Gdańsk S.A.,Port of Gdańsk cargo and traffic statistics releases,"Port Gdańsk, Poland",subnational-public,maritime transport; cargo; ports,port; cargo category; ship call; passenger aggregate,"Period totals for cargo categories, TEU, ship calls, passengers and trade direction.",Periodic official releases; a structured historical series was not verified.,HTML,Public web releases.,Free viewing.,unresolved,No machine-readable redistribution terms confirmed.,Unknown; no numeric quota was confirmed.,Periodic releases; revision policy unknown.,PROPOSAL: build a release manifest only after definitions and reuse are reviewed.,PROPOSAL: ingest new releases with publication date; extraction from prose requires QA.,"Port, reporting period, metric/category and release.","Keep tonnes, TEU, calls and passengers as separate measures.",Port-specific facts are not a national maritime total and may overlap national summaries.,specialist,documented,not-tested,"Find official structured archive, definitions, revisions and license; broaden to other ports separately.",https://www.portgdansk.pl/wydarzenia/rekordowe-przeladunki-w-porcie-gdansk-mocny-polmetek-2026-roku/,poland-environment
PL-ENV-028,Miasto Stołeczne Warszawa / Warszawski Transport Publiczny,Warsaw open-data portal and public-transport feeds,"Warsaw, Poland",subnational-public,municipal open data; public transport,municipal dataset; vehicle; stop; trip,Portal datasets plus operational vehicle-position and timetable resources; formats differ.,Current city scope. The city is replacing api.um.warszawa.pl with dane.um.warszawa.pl; live-feed retention unknown.,portal; API; bulk-files,Portal migration in progress; legacy resources may require registration.,Free public access; conditions differ by resource.,dataset-specific,Check each dataset terms and new portal contract.,Unknown; no numeric quota was confirmed.,Vehicle positions reportedly refresh frequently; timetable/publication cycles differ.,PROPOSAL: use dated static packages where offered; do not treat current positions as history.,PROPOSAL: snapshot authorized live endpoints with polling terms and source timestamps.,Dataset ID; transit line/stop/trip/vehicle IDs where supplied.,Keep portal and transport-source provenance; use Europe/Warsaw service dates.,City feeds may be mirrored in national catalogues; ingest producer version once.,review-first,documented,not-tested,"Revalidate migration, registration, feed formats, retention, limits and terms.",https://warszawa19115.pl/-/dane-po-warszawsku | https://um.warszawa.pl/-/dane-po-warszawsku,poland-environment
PL-ENV-029,Gmina Miasta Gdańska / TRISTAR,Gdańsk Open Data and GTFS/GTFS-Realtime feeds,"Gdańsk, Poland",subnational-public,municipal open data; public transport,municipal dataset; route; trip; stop; vehicle,City datasets; static GTFS and GTFS-RT trip updates/vehicle positions.,Static feed covers no more than the next 14 days; realtime endpoints are current snapshots with no documented archive.,CKAN; API; GTFS; GTFS-Realtime,Public portal/API.,Free public access.,dataset-specific,"City links terms, but each resource and redistribution condition needs verification.",Unknown; no numeric quota was confirmed.,Static and realtime feeds update on separate schedules.,PROPOSAL: archive versioned GTFS ZIPs if terms allow.,PROPOSAL: poll protobuf feeds within policy; RT snapshots are not CDC.,GTFS agency/stop/route/trip/service IDs and RT entity/timestamp.,Model >24-hour GTFS times and Europe/Warsaw DST correctly.,TRISTAR is producer-level; national catalogue entries may mirror it.,review-first,documented,not-tested,"Confirm terms, endpoint quotas, RT retention and geographic service boundary.",https://www.gdansk.pl/otwarte-dane-w-gdansku | https://ckan.multimediagdansk.pl/dataset/tristar/resource/976e1fd1-73d9-4237-b6ba-3c06004d1105 | https://ckan.multimediagdansk.pl/dataset/tristar/resource/30e783e4-2bec-4a7d-bb22-ee3e3b26ca96,poland-environment
PL-ENV-030,Zarząd Transportu Miejskiego w Poznaniu / Miasto Poznań,Poznań GTFS and GTFS-Realtime open data,"Poznań service area, Poland",subnational-public,public transport; municipal open data,route; trip; stop; vehicle,Static schedules plus GTFS-RT trip updates and vehicle positions.,Current service-area feeds; historical retention not documented.,GTFS; GTFS-Realtime; protobuf; portal,Public download URLs.,Free public access.,unresolved,No explicit commercial redistribution permission confirmed on the opened feed page.,Unknown; no numeric quota was confirmed.,Live protobuf files carry current timestamps; static update cadence unconfirmed.,PROPOSAL: archive static feed versions only after terms review.,PROPOSAL: poll RT snapshots according to policy; do not infer event history.,"GTFS/RT entity, agency, stop, route, trip and vehicle IDs.",Use feed version and Europe/Warsaw service date; keep RT matching failures.,Poznań portal may catalogue the same ZTM producer feeds.,review-first,documented,not-tested,"Confirm static URL/horizon, license, quotas, retention and service boundary.",https://www.ztm.poznan.pl/otwarte-dane/gtfs-rt/ | https://www.ztm.poznan.pl/otwarte-dane/dokumentacja/,poland-environment
PL-ENV-031,Zarząd Transportu Publicznego w Krakowie / Miasto Kraków,Kraków KMK GTFS and GTFS-Realtime feeds,"Kraków metropolitan service area, Poland",subnational-public,public transport; municipal open data,route; trip; stop; vehicle; alert,"Static GTFS ZIPs and realtime service alerts, trip updates and vehicle positions for published feed groups.",Current feeds; no official historical archive documented.,GTFS; GTFS-Realtime; protobuf; portal,Public direct files and city portal listing.,Free public access.,dataset-specific,Portal terms must be checked before redistribution.,Unknown; no numeric quota was confirmed.,Portal marks dataset daily; realtime files are current snapshots.,PROPOSAL: retain dated GTFS packages if terms permit.,PROPOSAL: poll RT snapshots with source timestamps; no CDC claim.,"GTFS/RT IDs, feed group, service date and entity timestamp.",Preserve agency/feed namespace and Europe/Warsaw service-time semantics.,City portal aggregates the producer files; avoid duplicate ingestion.,review-first,documented,not-tested,"Confirm license, feed-group meanings, horizon, limits and retention.",https://gtfs.ztp.krakow.pl/ | https://otwartedane.um.krakow.pl/zbiory-danych/komunikacja-miejska-w-krakowie-kmk,poland-environment
PL-ENV-032,Gmina Wrocław / Centrum Usług Informatycznych,Wrocław Open Data public-transport schedules and vehicle positions,"Wrocław, Poland",subnational-public,public transport; municipal open data,route; trip; stop; vehicle,Current vehicle position records joined to static GTFS identifiers; CSV/JSON for positions and GTFS schedule package.,Current city service; vehicle-position archive not documented.,CSV; JSON; GTFS; portal,Public downloads.,Free public access.,dataset-specific,Check resource-specific portal terms before commercial reuse.,Unknown; no numeric quota was confirmed.,Vehicle-position metadata says refresh every 10 minutes; schedule cadence unconfirmed.,PROPOSAL: archive versioned GTFS ZIPs where allowed.,PROPOSAL: poll position files within terms; snapshots are not vehicle-event history.,"Line, brigade/vehicle and GTFS route/trip/stop IDs.",Retain source timestamp and Europe/Warsaw timezone; quantify join failures.,National catalogue may mirror the city’s GTFS resource.,review-first,documented,not-tested,"Confirm GTFS source URL, license, retention, limits and wider service boundary.","https://open-data.cui.wroclaw.pl/hdb/metadane/51/ | https://dane.gov.pl/en/dataset/80/resource/1823,rozklad-jazdy-transportu-publicznego-gtfs",poland-environment
PL-ENV-033,Główny Urząd Nadzoru Budowlanego (GUNB),"Rejestr Wniosków, Decyzji i Zgłoszeń (RWDZ) public search and API",Poland,national-public,construction permits; buildings; planning,permit application; decision; construction notification,"Individual public applications, decisions and notifications; a record is not an as-built building.",Current public register; central authoritative start date and amendment history were not confirmed.,HTML; REST-API; OpenAPI; JSON,Public search; API documentation is public.,Free public search; API cost terms not separately stated.,unresolved,Public register access does not establish bulk commercial redistribution rights.,Unknown; inspect OpenAPI/operating terms.,Registry updates follow authority filings; correction/version behavior unknown.,PROPOSAL: capture available dated releases with source metadata.,PROPOSAL: compare release dates and checksums; do not assume change-data capture.,"RWDZ/application/decision reference, authority, parcel/address text and dates.","Separate application, decision and notification events; addresses/parcels may be ambiguous.",Complements EGiB/BDOT buildings and planning data; it does not prove construction completion.,review-first,documented,not-tested,"Review API schema, pagination, history, privacy fields, quotas and reuse terms.",https://wyszukiwarka.gunb.gov.pl/ | https://dev.wyszukiwarka.gunb.gov.pl/docs,poland-environment
PL-ENV-034,Ministerstwo Cyfryzacji / Instytut Łączności–PIB; UKE for market reports,internet.gov.pl broadband coverage database and UKE market aggregates,Poland,national-public,broadband; telecommunications; digital infrastructure,address point; operator; technology; planned investment; market aggregate,Public address-level availability/plans/demand in internet.gov.pl; UKE publishes aggregated market reports.,Current database plus annual UKE reports; public bulk history and version retention unconfirmed.,HTML; map; catalogue-files; PDF,"Public, free search/map; provider reporting has separate authentication.",Free public access.,unresolved,Public search does not prove bulk or commercial redistribution permission.,Unknown; no numeric quota was confirmed.,Coverage submissions update on publisher schedules; annual UKE reports summarize the market.,PROPOSAL: capture available dated releases with source metadata.,PROPOSAL: compare release dates and checksums; do not assume change-data capture.,"Address point, operator, technology/speed, report vintage and geography.","Preserve claim vintage and distinguish reported coverage, planned investment and demand.",UKE aggregates and internet.gov.pl address claims are different grains; do not sum.,review-first,documented,not-tested,"Confirm public bulk/API route, license, address identifiers, history, quality and update cadence.","https://internet.gov.pl/ | https://www.gov.pl/web/5g/sprawdz-dostepnosc-internetu-w-swojej-okolicy-przewodnik-po-internetgovpl | https://www.uke.gov.pl/akt/raport-o-stanie-rynku-komunikacji-elektronicznej-w-2025-roku,670.html",poland-environment
PL-ENV-035,Ministerstwo Rozwoju i Technologii / GUGiK / local planning authorities,Rejestr Urbanistyczny,Poland,national-public,spatial planning; land use,planning act; spatial dataset; planning document,Published planning-document categories and related spatial layers; current machine-readable object coverage varies by authority.,Launched 1 July 2026. Transitional publication rules applied through September; offices have until 30 November 2026 to populate current spatial data.,HTML; WMS; data-list,Public and free register/services.,Free.,unresolved,Free access is documented; downstream commercial redistribution terms and dataset-level notices remain to verify.,Unknown; no numeric quota was confirmed.,Local authorities update the central register; completeness is transitional as of the research date.,"PROPOSAL: inventory records and local source links after transition, preserving legal publication date.",PROPOSAL: version by authority/document/date; WMS alone is not object ingestion.,"Authority, document type/reference, adoption/effective dates and spatial-data identifier.",Model legal document and spatial representation separately; preserve status and supersession.,May link parcels/municipal plans but is not a cadastral source.,conditional,documented,not-tested,"Recheck completeness after 30 November 2026; verify download/WFS, identifiers, terms and transition effects.",https://www.gov.pl/web/zagospodarowanieprzestrzenne/rejestr-urbanistyczny-informacje | https://www.geoportal.gov.pl/aktualnosci/nowe-uslugi-w-geoportalu-rejestr-urbanistyczny/ | https://www.gov.pl/web/zagospodarowanieprzestrzenne/rejestr-urbanistyczny-uruchomiony,poland-environment
CD-001,APILayer / Idera,Marketstack Stock Data API,worldwide,commercial,financial-markets; corporate-filings,security; exchange; enterprise,"Ticker-date bars; intraday availability, fundamentals and filings vary by plan and market.",Plan-specific: free history is short; paid tiers advertise longer history. Exchange and field coverage must be sampled.,API,Account and API key.,mixed,restricted,Commercial use is listed for paid tiers; source-market display and redistribution rights still require contract review.,Plan-specific monthly requests; do not encode current figures before subscription selection.,End-of-day or intraday/real-time by plan; corrections policy not documented on opened pages.,PROPOSAL: backfill approved tickers by bounded date windows after entitlement review.,PROPOSAL: poll recent sessions and restate a correction window; no CDC claim.,"Provider ticker plus MIC/exchange, date/time; map to ISIN where supplied.","Separate adjusted and raw price facts; corporate actions are events, not additive measures.","Overlaps exchanges, SEC filings and other aggregators; retain vendor/source lineage.",conditional,documented,not-tested,Select plan and licensed use; Verify Polish instrument coverage; Confirm redistribution/display rights,https://marketstack.com/pricing | https://www.ideracorp.com/legal/APILayer,commercial-disclosures
CD-002,Alpha Vantage,Alpha Vantage Market Data APIs,worldwide,commercial,financial-markets; macroeconomics,security; currency-pair; commodity; country,"Time series and reference endpoints for equities, options, FX, crypto, commodities and economic indicators.","Documentation advertises long equity histories, but depth and intraday availability vary by endpoint and entitlement.",API; CSV,API key; premium or sales agreement for some functions and commercial needs.,mixed,restricted,Standard terms do not establish blanket commercial redistribution rights; commercial licensing must be confirmed.,Endpoint and plan specific; omit numerical allowance until an approved plan is chosen.,Market and macro series update at different cadences; revisions are endpoint-specific.,PROPOSAL: backfill only selected endpoint-series pairs with saved request parameters.,PROPOSAL: poll by source cadence and restate recent observations.,"Symbol, exchange/currency and timestamp; identifiers require external mapping.",Keep vendor technical indicators separate from raw observations; document adjustments.,"Overlaps Marketstack, FMP, Nasdaq Data Link and official statistics.",conditional,documented,not-tested,Obtain commercial-use confirmation; Test Polish coverage; Record endpoint entitlements,https://www.alphavantage.co/documentation/ | https://www.alphavantage.co/terms_of_service/,commercial-disclosures
CD-003,Financial Modeling Prep,Financial Modeling Prep API,worldwide,commercial,financial-markets; company-fundamentals; corporate-filings,security; enterprise; filing,"Security quotes, statements, company profiles, estimates, news and filing-related endpoints by plan.",History varies by endpoint and subscription; no blanket depth should be assumed.,API; WebSocket,Account and API key; licensed tier/order form governs use.,mixed,restricted,"Default terms restrict personal plans and redistribution; public apps, client dashboards and derived products require appropriate licensing.",Plan and endpoint specific; unknown until order form review.,Endpoint-specific market updates; fundamentals follow filings and may be restated.,"PROPOSAL: licensed endpoint inventory first, then bounded historical loads.",PROPOSAL: poll updated filings/quotes and restate recent periods.,Symbol/CIK/ISIN when present; preserve filing accession and vendor company IDs.,"Separate reported facts, vendor-normalized statements and estimates.","Overlaps SEC, exchange feeds and other financial aggregators.",conditional,documented,not-tested,Choose commercial licence; Confirm redistribution and retention; Verify Poland coverage,https://site.financialmodelingprep.com/developer/docs | https://site.financialmodelingprep.com/terms-of-service | https://site.financialmodelingprep.com/insights/platform/can-you-use-fmp-data-in-a-public-app-website-or-client-dashboard,commercial-disclosures
CD-004,Nasdaq,Nasdaq Data Link,worldwide,commercial,financial-markets; economics; alternative-data,dataset; security; enterprise; country,"Dataset-defined rows or series through streaming, real-time/delayed and tables products.",Dataset-specific; large-table bulk downloads can provide full or filtered history where entitled.,API; bulk-files; Python; R; Excel; SQL,Free account/API key for normal API use; premium datasets require subscription.,mixed,dataset-specific,Licensing is dataset-specific; platform access does not transfer upstream redistribution rights.,Product and account limits vary; no single platform quota applies.,Tables commonly update on provider schedules; streaming products differ.,PROPOSAL: ingest only approved product codes; use bulk history when documented.,PROPOSAL: use dataset filters/watermarks and periodic restatement.,Dataset code plus native row keys and dates; maintain upstream provider identity.,Model each product separately; do not blend unlike vendor definitions.,Frequently republishes official or commercial upstream data; lineage prevents double counting.,conditional,documented,not-tested,Select exact datasets; Review each dataset licence; Confirm stable post-migration documentation,https://docs.data.nasdaq.com/docs/getting-started | https://docs.data.nasdaq.com/docs/data-organization | https://docs.data.nasdaq.com/docs/large-table-download,commercial-disclosures
CD-005,Warsaw Stock Exchange (GPW),GPW Market Data,Poland,commercial,financial-markets,security; index; exchange; trade; quote,"Instrument trades, quotes and reference data; product depth ranges from post-trade to order-book views.","Real-time, delayed and historical products; exact archive depth depends on agreement/product.",feed; bulk-files; HTML,Licence agreement and product annex for feeds/use; some delayed website views are public.,mixed,restricted,Licences cover distribution and non-display use; even delayed commercial redistribution can be fee-bearing.,Contract/product specific.,Real-time or delayed streams; historical publications vary.,PROPOSAL: license exact products and backfill daily reference/trade files.,PROPOSAL: consume licensed feed or files; replay corrections by trade date.,"ISIN, GPW ticker, instrument, market, timestamp; map MIC and issuer LEI.","Separate trades, quotes, corporate actions and index observations.",Canonical Polish market source; aggregators may normalize or omit instruments.,conditional,documented,not-tested,Obtain use/redistribution licence; Select products and history; Budget feed operations,https://www.gpw.pl/market-data,commercial-disclosures
CD-006,Polish Financial Supervision Authority (KNF),Electronic Information Transmission System (ESPI),Poland,national-public,corporate-filings; financial-markets,issuer; filing; security,"Issuer report/document with report number, type, publication time and attachments.",Public historical reports are discoverable through dissemination portals; stable complete bulk depth is not documented.,HTML; PDF; XHTML,Public reading; issuer submission access is separate.,free,unresolved,Public disclosure does not itself grant bulk harvesting or redistribution rights for attachments.,No documented public API or bulk limit.,Reports publish when issuers submit; corrections arrive as new reports.,PROPOSAL: start with a bounded issuer/date audit from public pages; preserve original files.,PROPOSAL: monitor report lists and reconcile late/corrective reports.,"Issuer, report number, publication timestamp, ISIN/LEI when present.",Immutable filing event plus version/attachment table; do not overwrite corrections.,PAP/InfoStrefa and issuer/GPW pages may mirror the same report.,review-next,documented,not-tested,Identify authoritative public archive; Confirm automation and reuse terms; Assess archive completeness,https://www.knf.gov.pl/dla_rynku/espi | https://www.knf.gov.pl/dla_konsumenta/kampanie_informacyjne/obowiazki_emitentow,commercial-disclosures
CD-007,Warsaw Stock Exchange (GPW),Electronic Information Base (EBI),Poland,commercial,corporate-filings; financial-markets,issuer; filing; security,"Current, periodic and corporate-governance reports of alternative-market issuers.",Public reports are disseminated through GPW/PAP channels; complete machine-readable archive is not documented.,HTML; PDF,Public reading; issuer submission is controlled.,free,unresolved,Viewing reports is public; automated collection and attachment reuse remain unresolved.,No documented public API or bulk allowance.,Issuer-event driven; corrections are distinct reports.,PROPOSAL: inventory report metadata and attachments for selected NewConnect/Catalyst issuers.,PROPOSAL: list-page polling plus periodic completeness reconciliation.,"Issuer, EBI report number, publication time, market and security identifiers.",Keep source labels and report versions; parse periodic facts separately.,May overlap ESPI for dual obligations and PAP/InfoStrefa mirrors.,review-next,documented,not-tested,Locate authoritative archive; Confirm automation/reuse terms; Define ESPI/EBI precedence,https://www.knf.gov.pl/dla_konsumenta/kampanie_informacyjne/obowiazki_emitentow | https://www.gpw.pl/ebi,commercial-disclosures
CD-008,Polish Press Agency (PAP),PAP Biznes ESPI/EBI dissemination portal,Poland,commercial,corporate-filings; business-news,issuer; filing; security,"Browsable report lists, source reports and company profiles.",Current and historical discovery is visible; completeness and retention are undocumented.,HTML,Public browser access; full PAP products may require commercial terms.,mixed,restricted,Treat as discovery/display unless PAP grants automated extraction and republication.,No public API or bulk allowance documented.,Near publication-time display; downstream latency unknown.,PROPOSAL: use only for metadata reconciliation after permission review.,PROPOSAL: poll cautiously only if authorized; compare with authoritative report IDs.,Issuer and ESPI/EBI report identifiers; retain PAP URLs.,Mirror dimension only; attachments belong to the filing event.,"Downstream copy of ESPI/EBI, so never count it as a second filing.",conditional,documented,not-tested,Confirm PAP automation rights; Measure completeness against GPW/KNF; Clarify InfoStrefa legacy relationship,https://biznes.pap.pl/espi | https://biznes.pap.pl/,commercial-disclosures
CD-009,Stooq,Stooq historical quotations,worldwide,commercial,financial-markets,security; index; currency-pair; commodity,Symbol-frequency price series exposed through website download patterns.,History and market scope appear symbol-specific; official browsable documentation was blocked.,HTML; CSV,Browser access observed; formal API/auth model unresolved.,unknown,unresolved,No verified commercial reuse or automated-download permission.,Unknown.,Unknown; apparent daily/intraday series must be verified.,PROPOSAL: do not ingest until official terms and interface documentation are obtained.,PROPOSAL: none before permission; later use bounded date polling.,Stooq symbol and date/time; map cautiously to ISIN/MIC.,"Catalogue only; adjustment, timezone and currency semantics need sampling.",Likely overlaps exchange and vendor price feeds with unclear transformations.,conditional,catalogue-only,not-tested,Obtain official terms; Verify supported download interface; Document adjustment/history semantics,https://stooq.pl/q/d/?s=aapl.us | https://stooq.pl/t/?i=10,commercial-disclosures
CD-010,Towarowa Giełda Energii (TGE),TGE Market Data,Poland,commercial,energy-markets; financial-markets; commodities,market; contract; trade; quote,"Trades and bid/offer depth for electricity, gas, property-right and financial-instrument products.","Real-time, delayed and end-of-trading data; website also exposes selected historical tables.",feed; HTML; bulk-files,Licence/annex for market data; delayed website data may be publicly viewed.,mixed,restricted,Real-time and many commercial/non-display or redistributed uses are licensed; delayed paid services can also attract fees.,Agreement and product specific.,Real-time or delayed by product; selected archives are periodic.,"PROPOSAL: license named information products, then load contract-day facts.",PROPOSAL: consume licensed stream/files and restate settlement windows.,"Market, contract/product code, delivery period, trade timestamp.","Separate order-book, trade, settlement and curve facts; delivery periods are non-additive.",May be distributed through GPW and vendors; keep TGE as origin.,specialist,documented,not-tested,Execute market-data licence; Select information products; Confirm history delivery,https://tge.pl/pub/TGE/polityka%20danych/2022_01_01_EN_Polityka_dotycz_ca.1.pdf,commercial-disclosures
CD-011,GPW Benchmark,GPW Benchmark index and reference-rate data,Poland,commercial,financial-markets; interest-rates,benchmark; index; security-basket,Benchmark value by tenor/date and index value/composition by effective period.,"Website publishes current, delayed and annual historical files for selected benchmarks; series start varies.",HTML; bulk-files; PDF,Public website access for selected files; benchmark use/licensing depends on activity.,mixed,restricted,"Publication does not settle licensing for using a benchmark in products, contracts or commercial redistribution.",No public API limit documented.,Benchmark-specific fixing/publication calendar; revisions are separately reported.,PROPOSAL: load published annual files with methodology/version metadata.,PROPOSAL: append fixing values and ingest revision notices.,"Benchmark/index code, tenor, date and methodology version.",Rates and index levels are non-additive; compositions use effective dating.,Index values may also appear in GPW market feeds and vendors.,specialist,documented,not-tested,Review benchmark-use licence; Inventory downloadable series; Track methodology changes,https://gpwbenchmark.pl/dane_historyczne | https://www.gpwbenchmark.pl/en-dokumentacja,commercial-disclosures
CD-012,U.S. Securities and Exchange Commission,"EDGAR APIs, bulk data and filing archives",United States,national-public,corporate-filings; company-fundamentals,issuer; filing; reported-fact; security,"Submission/filing metadata and XBRL fact by CIK, taxonomy, unit and period; original filing documents by accession.","Filing archives span EDGAR history; structured XBRL APIs cover filings since 2009, with scope qualifications.",API; bulk-files; HTML; XBRL; JSON,"Public HTTPS, no key; identify requests and follow fair-access guidance.",free,open-conditional,"SEC access is public, but filer attachments can contain third-party rights and personal data; preserve provenance.",Current SEC developer guidance caps automated access at 10 requests/second.,API JSON updates in real time; bulk ZIPs update nightly; indexes are daily/quarterly.,PROPOSAL: seed submissions/companyfacts bulk files and filing archives by accession.,"PROPOSAL: poll submissions, ingest new accessions, and refresh recent XBRL facts.","CIK, accession number, form, filing date; facts keyed by taxonomy/concept/unit/period/frame.",Keep raw filings immutable; facts require dimensional context and restatement handling.,"Upstream of FMP, Marketstack and many vendors; vendor facts must retain derivation lineage.",review-first,documented,not-tested,Define form/taxonomy scope; Implement fair-access identity; Review attachment handling,https://www.sec.gov/search-filings/edgar-application-programming-interfaces | https://www.sec.gov/about/developer-resources,commercial-disclosures
CD-013,EU national Officially Appointed Mechanisms,ESEF annual financial reports via national OAMs,multicountry-Europe,international-public,corporate-filings; company-fundamentals,issuer; annual-report; reported-fact,"Annual financial report package, usually XHTML with inline XBRL facts and issuer-specific extensions.",ESEF applies to regulated-market annual reports under phased requirements; archives reside with national OAMs.,XHTML; iXBRL; ZIP; HTML,"OAM-specific public access; ESMA supplies taxonomy and reporting rules, not a central filing API.",mixed,dataset-specific,"Reuse, automation and document rights must be checked per OAM and filing; public filing is not a blanket licence.",OAM-specific or unknown.,"Annual, with corrections/re-filings governed by national channels.","PROPOSAL: inventory OAMs, then ingest filing packages and validation metadata by country.",PROPOSAL: monitor OAM publication lists and preserve replacement relationships.,"Issuer LEI/ISIN, report period, filing/package identifier; extension taxonomies need anchoring.",Raw package plus normalized dimensional facts; do not discard contexts or decimals.,"Overlaps issuer sites and national disclosure portals; ESMA is standards source, not filing mirror.",review-next,documented,not-tested,Map OAMs and licences; Test package discoverability; Define extension-taxonomy processing,https://www.esma.europa.eu/issuer-disclosure/electronic-reporting | https://www.esma.europa.eu/sites/default/files/library/esma32-60-254_esef_reporting_manual.pdf,commercial-disclosures
CD-014,UK Companies House,"Companies House Public Data, Document and Streaming APIs",United Kingdom,national-public,business-register; corporate-filings,enterprise; officer; filing; person,"Company profile, officers, persons with significant control, charges, filing metadata and filed documents.",Current registry plus filing history; document depth and bulk availability vary by product.,API; stream; HTML; document-download,Registered application and API/stream key; OAuth for user-authorized actions.,free,unresolved,"Crown copyright, personal data, document copyright and downstream reuse conditions require product-level review.",Published API limits apply but no number is encoded here.,REST reflects registry state; streaming endpoints expose selected changes.,PROPOSAL: seed company profiles and filings by company number; fetch only approved documents.,"PROPOSAL: stream changes with periodic full reconciliation; treat events as hints, not guaranteed CDC.",Company number is primary; officers/persons require careful disambiguation.,Effective-date company dimension plus immutable filings; avoid person identity inference.,Overlaps OpenCorporates and GLEIF; Companies House is upstream registry.,review-next,documented,not-tested,Confirm reuse per API/document; Define personal-data retention; Review stream completeness,https://developer-specs.company-information.service.gov.uk/ | https://developer.company-information.service.gov.uk/authentication | https://developer.company-information.service.gov.uk/,commercial-disclosures
CD-015,Global Legal Entity Identifier Foundation,"Global LEI Index, GLEIF API and Golden Copy/Delta Files",worldwide,international-public,business-register; entity-resolution; financial-markets,legal-entity; relationship; identifier,LEI record and direct/ultimate-parent relationship with reference-data status and provenance.,Historical and current LEI records globally; Golden Copy deltas identify changes three times daily.,API; bulk-files; HTML; XML; JSON,Public; search needs no registration and downloads/API are openly available.,free,open-conditional,GLEIF describes the pool as open; implement its LEI Data Terms and preserve source/status fields.,No numerical limit relied on.,Issuers report daily; Golden Copy and delta files publish three times daily.,PROPOSAL: seed Golden Copy/concatenated files and certified mappings.,PROPOSAL: apply delta files idempotently; periodic full reconciliation.,"LEI; map BIC, ISIN, MIC, OpenCorporates and registration-authority IDs where certified.","Slowly changing entity and relationship dimensions; exceptions are data, not nulls.",Complements registries; do not infer universal coverage or current ownership from missing Level 2 data.,review-first,documented,not-tested,Review LEI Data Terms; Select Golden Copy formats; Handle relationship exceptions,https://www.gleif.org/en/lei-data/access-and-use-lei-data | https://www.gleif.org/en/lei-data/gleif-api,commercial-disclosures
CD-016,OpenCorporates,OpenCorporates REST and Reconciliation APIs,worldwide,commercial,business-register; entity-resolution; corporate-filings,enterprise; officer; filing; identifier,"Jurisdiction-company number records, officers, filings, statements and provenance.",Source-registry dependent; retrieved/updated timestamps do not guarantee full historical snapshots.,API; OpenRefine; JSON; XML,API key; plan/account limits and commercial enterprise terms.,mixed,restricted,Open-data projects may use ODbL conditions; commercial/internal/external uses need the applicable licence.,Account/plan specific; documented pagination also caps deep page traversal.,Registry-source dependent; update timestamps are available for some records.,PROPOSAL: backfill only licensed jurisdictions/entities with provenance.,PROPOSAL: use updated_at filters as polling hints plus reconciliation.,Jurisdiction code plus company number; map LEI using certified GLEIF files.,"Source-stamped statements, not a single truth row; officer names are not stable person IDs.",Aggregates national registries and overlaps GLEIF; retain original publisher/terms.,conditional,documented,not-tested,Obtain appropriate licence; Confirm Poland source coverage; Define deletion/update obligations,https://api.opencorporates.com/documentation/API-Reference | https://opencorporates.com/legal-information/enterprise-api-terms-of-service/,commercial-disclosures
CD-017,YouTube / Google,YouTube Data API v3,worldwide,commercial,online-video; social-media,channel; video; playlist; comment; user-authorized-account,Resource metadata and current statistics; private/account actions require owner OAuth.,"Search and resource APIs expose current discoverable content, not a complete historical snapshot service.",API,Google project/API key; OAuth and user consent for private or mutating operations.,free,restricted,"Restricted API-client licence: no audiovisual downloading; storage, refresh, display, derived-metric and aggregation rules apply.",Quota units apply per project; avoid hard-coding current allowance.,Live resource state; stored non-authorized data generally must be refreshed or deleted within policy windows.,PROPOSAL: no warehouse onboarding until retention and derived-metric design passes policy review.,PROPOSAL: refresh authorized/current metadata and process deletion requests; no archive claim.,Channel/video/playlist IDs; owner authorization does not confer rights to other creators' content.,Model API snapshots with observed_at; suppress prohibited derived metrics.,May overlap creator dashboards and web search; API policy remains controlling.,conditional,documented,not-tested,Policy/legal review; Design deletion and refresh controls; Limit to approved API-client use,https://developers.google.com/youtube/v3/getting-started | https://developers.google.com/youtube/terms/developer-policies | https://developers.google.com/youtube/terms/api-services-terms-of-service,commercial-disclosures
CD-018,Meta,Meta Content Library and API,multicountry,commercial,social-media; research,public-page; public-group; public-event; public-post; creator-account,Approved research access to selected public Facebook and Instagram content and engagement fields.,Near-real-time library; available download scope is limited and it is not a general historical commercial archive.,research-UI; API,Application through ICPSR; qualified academic/nonprofit public-interest researchers.,free,restricted,Research-only governed access; not eligible for routine commercial product ingestion.,Contract/workspace specific; no numerical limit relied on.,"Near real time, subject to platform removals and research controls.",PROPOSAL: catalogue only unless a qualifying research project is approved.,PROPOSAL: follow workspace rules; no independent long-term mirroring.,Platform content/account IDs and observation time; identity linkage needs ethics review.,"Research evidence store, not a reusable commercial dimension.",Broader than owner-authorized APIs but narrower in purpose and export rights.,specialist,documented,not-tested,Research eligibility; ICPSR approval; Institutional security/ethics review,https://about.fb.com/news/2023/11/new-tools-to-support-independent-research/,commercial-disclosures
CD-019,Meta,Instagram API,worldwide,commercial,social-media; marketing,professional-account; media; comment; insight,Media and account data for authorized Instagram professional accounts; fields depend on API and permissions.,Primarily current account/media state; not a complete public Instagram history.,API,"Meta app, access token, permissions and account authorization/review as applicable.",free,restricted,Owner-authorized integration terms apply; authorization does not grant worldwide public-account collection or redistribution.,Permission and app-tier specific; unknown here.,Account events/metrics update continuously; retention and deletion rules apply.,PROPOSAL: onboard only consenting business/creator accounts after policy review.,PROPOSAL: poll authorized media/insights and process revocation/deletion.,Instagram account and media IDs; do not infer cross-platform person identity.,Account-owned snapshots with observed_at; separate media from changing metrics.,Overlaps Content Library only for approved research/public scope.,conditional,catalogue-only,not-tested,Confirm exact API variant; App review and permissions; Retention/reuse assessment,https://developers.facebook.com/docs/instagram-platform/overview | https://developers.facebook.com/docs/instagram-platform/reference/instagram-media,commercial-disclosures
CD-020,X Corp.,X API v2,worldwide,commercial,social-media,post; user; space; list; conversation,Post/user/conversation resources and metrics according to endpoint entitlement.,Recent search covers a short rolling window; full-archive search reaches platform history only on paid entitlement.,API; stream,Developer account/project and paid credits or enterprise agreement; OAuth for user context.,paid,restricted,"X Developer Agreement and product terms govern storage, display, redistribution and deletion compliance.",Pay-per-use and endpoint limits; no figures encoded.,Recent/search/stream behavior differs; deleted or withheld content must be handled.,PROPOSAL: approve a narrow endpoint/use case before any history purchase.,PROPOSAL: stream/poll under entitlement and reconcile compliance events.,Post/user/conversation IDs; handle reposts and quoted posts explicitly.,Snapshot metrics by observed_at; do not treat audience as population-representative.,"Overlaps social listening vendors and public web, but terms follow API route.",conditional,documented,not-tested,Budget entitlement; Legal/policy review; Deletion-compliance design,https://docs.x.com/x-api/introduction | https://docs.x.com/x-api/posts/search/introduction,commercial-disclosures
CD-021,LinkedIn / Microsoft,LinkedIn Community Management API,worldwide,commercial,professional-social-media; marketing,organization-page; authorized-member; post; comment; reaction,"Organization-page content, followers, roles, activity and analytics within approved products.",Current authorized organization/member scope; no general member or public-network archive.,API,"Registered legal organization, app review, OAuth and page/member authorization.",unknown,restricted,Restricted to approved use case and authorized roles; no blanket commercial redistribution right.,Product/permission specific.,Current platform state and notifications where supported.,PROPOSAL: ingest only pages administered by consenting customers.,PROPOSAL: poll authorized resources and process permission revocation.,"Organization URN, member URN and content URN; avoid cross-person inference.",Tenant-separated owner-authorized data; time-varying metrics need observations.,"May overlap company websites and social-listening tools, with different rights.",conditional,documented,not-tested,App review; Verify page super-admin; Confirm retention/redistribution,https://learn.microsoft.com/en-us/linkedin/marketing/community-management/community-management-overview | https://learn.microsoft.com/en-us/linkedin/marketing/community-management-app-review,commercial-disclosures
CD-022,Reddit,Reddit Data API,worldwide,commercial,social-media; discussion,community; post; comment; user,Approved endpoints expose Reddit resources for an app use case; scope depends on developer documentation and agreement.,Current API resources are not documented as a complete durable historical archive.,API,"Registration, identification and OAuth/access information; separate agreement for commercial use.",mixed,restricted,"User content remains user-owned; default licence permits limited app display. Commercial use, excess research and AI use need additional rights.",Reddit may set and enforce limits; no number encoded.,Platform state changes; removals and termination require deletion handling.,PROPOSAL: no commercial warehouse ingestion without separate agreement.,PROPOSAL: approved API-client refresh plus removal processing.,Subreddit/post/comment/user IDs; deleted authors/content remain distinct states.,Observed API state with removal flags; avoid inferred demographics.,Overlaps social vendors and public pages but API terms control API data.,conditional,documented,not-tested,Separate commercial agreement; Approved use case; Removal/deletion controls,https://redditinc.com/policies/data-api-terms,commercial-disclosures
CD-023,TikTok,TikTok Research API,multicountry,commercial,social-media; research,public-account; video; comment; shop,"Selected public account, content, comment and shop fields for approved research.",Availability and geography follow the approved research product; not a commercial public archive.,API,Application by qualifying independent noncommercial/public-interest researchers in supported regions.,free,restricted,"Research-only and project-bound; security, ethics and platform terms restrict reuse.",Approved-project limits; no figures encoded.,Platform data updates; removals and approved access period apply.,PROPOSAL: catalogue only unless an eligible study is approved.,PROPOSAL: follow approved protocol; no independent commercial retention.,TikTok account/video/comment IDs and observation time.,"Research snapshot, not a population fact table.","Broader public-content purpose than owner APIs, but unavailable for routine commercial use.",specialist,documented,not-tested,Research eligibility; Application approval; Ethics and security plan,https://developers.tiktok.com/products/research-api/,commercial-disclosures
CD-024,TikTok,TikTok Commercial Content API,multicountry-Europe,commercial,digital-advertising; social-media,advertisement; advertiser; targeting; creative,"Commercial-content/ad records with advertiser, creative, targeting and impression information where available.",Official page states current data availability is EU-focused and ads remain available for a defined post-run period.,API,"Developer account, application and app key; approval required.",free,restricted,Use is bounded by developer terms and commercial-content transparency purpose; creative rights remain separate.,Approved-app limits; no figures encoded.,Ads appear/update with platform transparency records and have bounded retention.,PROPOSAL: backfill approved EU ads by bounded dates after terms review.,PROPOSAL: poll recent ads and retain observed status within allowed period.,"Ad, advertiser and creative IDs; target labels are not audience census data.",Ad-flight facts plus creative dimension; metrics are platform-reported.,Overlaps EU transparency repositories and social ad libraries.,review-next,documented,not-tested,Application approval; Confirm allowed commercial analytics; Design expiry handling,https://developers.tiktok.com/products/commercial-content-api/,commercial-disclosures
CD-025,Wikimedia Foundation and project communities,Wikimedia MediaWiki Action APIs and dumps,worldwide,community-academic,encyclopedic-knowledge; media; language,page; revision; category; media-file; editor-account,Page/revision/category and project-specific records; dumps support large-scale history.,Project histories and periodic dumps vary; revisions preserve change history.,API; bulk-files; HTML,Public read; bot etiquette and user-agent identification apply.,free,open-conditional,"Text is generally CC BY-SA; media licences vary item by item, and attribution/share-alike must be preserved.",Endpoint-specific limits and responsible-use policies.,Live APIs plus periodic dumps; revisions are append-like but suppression can occur.,PROPOSAL: select projects/namespaces and seed dumps where scale warrants.,PROPOSAL: recent-changes polling with periodic dump reconciliation.,"Project, page ID, revision ID, namespace and language.",Model pages and revisions separately; keep language and licence metadata.,"Wikidata links structured entities, but article text and media have different licences.",review-first,documented,not-tested,Choose projects/namespaces; Implement attribution; Handle suppressed/deleted revisions,https://www.mediawiki.org/wiki/API:Main_page | https://foundation.wikimedia.org/wiki/Policy:Terms_of_Use,commercial-disclosures
CD-026,Wikidata community / Wikimedia Foundation,Wikidata data access,worldwide,community-academic,knowledge-graph; entity-resolution,entity; statement; property; identifier,"Entity statements with qualifiers, ranks, references and multilingual labels.","Full current dumps, revision-addressable entities and project revision history; dumps are not real time.",SPARQL; API; GraphQL; RDF; JSON; bulk-files,Public; use dumps for large result sets and query services for scoped queries.,free,open-conditional,Main structured namespaces are CC0; text outside them is CC BY-SA and external references retain their own rights.,Public services have workload constraints; no numeric allowance relied on.,Live edits; dumps publish periodically and lag current state.,PROPOSAL: seed entity dumps for chosen classes; retain statement references.,"PROPOSAL: consume recent changes or scoped refreshes, then reconcile dumps.","Q/P IDs plus external identifiers such as LEI, ISIN and registry IDs.",Statement graph with qualifiers; avoid flattening disputed or time-scoped claims.,"Links Wikimedia, GLEIF, registries and OpenAlex; community assertions are not authoritative replacements.",review-first,documented,not-tested,Scope classes/properties; Set provenance quality rules; Plan dump infrastructure,https://www.wikidata.org/wiki/Wikidata:Data_access | https://www.wikidata.org/wiki/Wikidata:Copyright,commercial-disclosures
CD-027,OpenStreetMap contributors and OpenStreetMap Foundation,"OpenStreetMap Planet, history and replication diffs",worldwide,community-academic,geospatial; transport; places,node; way; relation; changeset,"Tagged nodes, ways and relations; full-history files include versions and changesets.",Global planet and history; archive documentation points to coverage from 2006 with gaps/quality varying by place.,bulk-files; replication-diffs; API; PBF; XML,"Public downloads; bulk users should use planet/diffs, not operational map APIs or tiles.",free,open-conditional,ODbL attribution and share-alike apply to databases; produced works and third-party layers need separate analysis.,Operational API/tile/geocoder policies apply; planet delivery is the bulk route.,"Weekly planet, minute/hour/day diffs; community edits may revert or delete objects.",PROPOSAL: seed regional extract or planet; preserve raw tags and versions.,PROPOSAL: apply replication sequence diffs idempotently; periodic checksum/reseed.,OSM type+ID+version; spatial links are probabilistic unless tagged identifiers exist.,Bitemporal feature/tag model; geometry and semantics change independently.,May underlie geocoders and map products; avoid duplicate-derived counting.,review-first,documented,not-tested,ODbL attribution/share-alike design; Select extract boundary; Handle deletions/redactions,https://wiki.openstreetmap.org/wiki/Planet.osm | https://www.openstreetmap.org/copyright,commercial-disclosures
CD-028,OurResearch,OpenAlex,worldwide,community-academic,scholarly-communications; entity-resolution,work; author; institution; source; publisher; funder,Linked scholarly entities and citation relationships with source-derived metadata.,"Broad scholarly index; exact retrospective completeness varies by source, field, language and entity type.",API; bulk-files; HTML,Current help center documents REST/API and data access; exact key/plan conditions need review.,mixed,unresolved,Current licensing and redistribution terms were not exposed in the opened help pages; treat reuse as unresolved.,Plan/access specific; unknown here.,Continuously maintained index; correction and snapshot cadence require confirmation.,"PROPOSAL: resolve licence first, then seed snapshot or scoped API entities.",PROPOSAL: use update timestamps only after semantics are verified; reconcile snapshots.,"OpenAlex IDs plus DOI, ORCID, ROR, ISSN and Wikidata IDs.","Separate works, authorships, concepts/topics and citations; avoid author-name joins.",Overlaps Crossref and Wikidata; OpenAlex enrichments are not identical to publisher metadata.,review-next,documented,not-tested,Open current access/licence pages; Confirm snapshot availability; Assess Polish-language coverage,https://help.openalex.org/ | https://openalex.org/,commercial-disclosures
CD-029,Crossref,Crossref REST API,worldwide,community-academic,scholarly-communications; identifier-registry,work; journal; publisher; funder; licence,"Member-deposited work metadata keyed primarily by DOI, with relations, dates, funders and licences when deposited.",Historical DOI metadata follows member deposits; completeness and field history vary by publisher.,API; JSON,Public; polite pool identification is recommended and no signup is required for basic access.,free,open-conditional,"Most bibliographic metadata has low rights friction, but abstracts and linked content may be copyrighted; attribution/provenance remain prudent.",Rate etiquette and service pools apply; no numeric allowance relied on.,Deposits update continuously; records can be corrected.,PROPOSAL: backfill DOI prefixes/filters in resumable cursor batches.,"PROPOSAL: use indexed/update date filters with overlap, then reconcile.","DOI, member, prefix, ISSN, ORCID and funder IDs.",Metadata statement with deposited dates; publication dates can have multiple meanings.,Upstream of OpenAlex and many bibliographic services; retain deposited source.,review-first,documented,not-tested,Define abstract handling; Choose filters/cursor strategy; Measure Polish publisher coverage,https://www.crossref.org/documentation/retrieve-metadata/rest-api/,commercial-disclosures
CD-030,GDELT Project,GDELT 2.0 Event Database and Global Knowledge Graph,worldwide,community-academic,news-events; media-monitoring,event; location; organization; person-mention; source-document,Machine-coded event/mention/theme observations derived from monitored news sources.,GDELT 1 and 2 archives differ; GDELT 2 updates every 15 minutes and source coverage changes over time.,bulk-files; API; BigQuery; CSV,Public download/query routes.,free,unresolved,"Project describes data as free/open, but a precise dataset licence and source-article rights must be confirmed.",Interface-specific; BigQuery charges may apply independently.,GDELT 2 publishes 15-minute updates; later corrections/reprocessing semantics need review.,PROPOSAL: ingest dated exports with source URLs and GDELT version.,PROPOSAL: append interval files and periodically reconcile missing intervals.,"Global event/mention IDs, source URL, event time, location codes.","Model coded assertions, not verified real-world events; scores and counts need calibration.",Overlaps news providers and mirrors; do not sum mentions as unique events.,review-next,documented,not-tested,Confirm dataset licence; Assess source-rights exposure; Validate Poland/Polish coverage,https://www.gdeltproject.org/data.html | https://blog.gdeltproject.org/gdelt-2-0-our-global-world-in-realtime/,commercial-disclosures
CD-031,Global Change Data Lab,Our World in Data Chart Data API,worldwide,community-academic,global-development; health; environment; economics,country; region; indicator,Indicator-geography-time observations with chart metadata and upstream source attribution.,"Dataset-specific; many series are long-run, but coverage follows each chart and upstream provider.",API; CSV; JSON; HTML,Public direct chart-data URLs.,free,dataset-specific,OWID-produced data is CC BY with citation; most data is third-party and retains upstream licence terms.,No API quota documented on the opened FAQ.,Chart data changes with upstream updates and OWID processing; revisions are possible.,"PROPOSAL: approve chart-by-chart licences, then snapshot CSV plus metadata.",PROPOSAL: poll metadata/data hashes and version snapshots when changed.,"Chart slug, entity code, year/date and variable; map ISO cautiously.",Indicator facts with unit/definition/version; do not blend processed and official series.,Often republishes WHO/UN/World Bank and others; cite and deduplicate by upstream series.,review-next,documented,not-tested,Per-chart upstream licence review; Track methodology and source; Define revision snapshots,https://ourworldindata.org/faqs,commercial-disclosures
CD-032,Allegro,Allegro REST API,multicountry-Europe,commercial,e-commerce,seller-account; offer; product; order; category,Seller-owned offers/orders plus selected public resources such as categories; endpoint authorization varies.,Operational current state; no general historical marketplace snapshot product is documented.,API,Registered active Allegro account/app and OAuth; public-resource client credentials differ from user authorization.,free,restricted,Designed for sales integrations. Public offer search is restricted to verified applications and does not imply bulk marketplace reuse.,Endpoint/application specific; unknown here.,Operational resources change continuously; events and polling differ by resource.,PROPOSAL: onboard only consenting seller accounts and approved public resources.,PROPOSAL: use account events where documented plus reconciliation; no market-wide archive.,"Marketplace, seller, offer, product and category IDs; offers are seller listings, not products.",Tenant-separated offer/order facts; distinguish listed price from transaction value.,May overlap merchant systems and price vendors; public search is incomplete by design.,conditional,documented,not-tested,Application registration and verification; Confirm commercial analytics/reuse; Restrict scope to authorized sellers,https://developer.allegro.pl/tutorials/uwierzytelnianie-i-autoryzacja-zlq9e75GdIR | https://developer.allegro.pl/documentation | https://github.com/allegro/allegro-api/issues/4213,commercial-disclosures
CD-033,Otodom / OLX Group,Dane Otodom dashboards and reports,Poland,commercial,housing-market,city; district; listing-type; property-type,"Published aggregates such as offer prices, rents and active-listing counts by geography/property segment.",Series and dashboard history vary; pages show current and archived reports rather than raw listing histories.,HTML; dashboard; PDF,Public reading; no documented public data API or bulk export.,free,unresolved,Charts/reports are copyrighted publications unless a specific licence says otherwise; automated extraction/republication unresolved.,No public API limit documented.,"Dashboard/report-specific, often periodic; revisions unknown.",PROPOSAL: catalogue publications only pending written reuse permission or licensed analytics product.,"PROPOSAL: record new report releases and metadata, not scrape listing inventory.","Geography, market segment, metric and period; listing counts are platform supply, not total market stock.",Aggregate indicator facts with methodology/version; preserve native Polish labels.,"May overlap OLX listings, official housing statistics and private analytics; definitions differ.",specialist,catalogue-only,not-tested,Confirm reuse/automation rights; Obtain methodology and exports; Clarify Otodom Analytics licensing,https://www.otodom.pl/wiadomosci/dane-otodom-aktualne-ceny-ofertowe-mieszkan-i-domow/ | https://www.otodom.pl/wiadomosci/dane/aktualne-dane/,commercial-disclosures
CD-034,OTOMOTO / OLX Group,Raport Rynkowy OTOMOTO,Poland,commercial,automotive-market,vehicle-segment; region; listing; registration-aggregate,"Monthly supply, demand proxies, prices and vehicle-segment indicators in reports; some regional splits appear.",Report archive visibly covers recent monthly and annual periods; raw listing history is not offered publicly.,HTML; interactive-report; PDF,Public reading; business tools may require customer access.,mixed,unresolved,Publication access does not authorize automated extraction or redistribution; report-specific rights remain unresolved.,No public API limit documented.,Monthly reports; combines OTOMOTO supply with CEPiK demand and GUS/NBP context.,PROPOSAL: catalogue releases; onboard only licensed structured exports if offered.,PROPOSAL: record monthly publication metadata and revisions.,"Period, vehicle condition/type, region and metric; platform demand is partly estimated.",Aggregate fact with methodology/source component; do not treat estimated sales as registrations.,"Explicitly blends OTOMOTO, CEPiK, GUS and NBP, so retain component provenance and avoid resumming.",specialist,documented,not-tested,Confirm report reuse rights; Obtain machine-readable data/methodology; Separate upstream official series,https://www.otomoto.pl/news/raport-rynkowy-otomoto | https://www.otomoto.pl/news/otomoto-insights-2025-podsumowanie,commercial-disclosures
EX-001,Patent Office of the Republic of Poland (UPRP),Industrial-property statistical APIs,Poland,national-public,innovation; intellectual-property,region; applicant-aggregate,"Published aggregate by origin, entity type or voivodeship and measure.",Dataset-specific; complete temporal bounds not established.,API-index,Official page links statistical endpoints; endpoint authentication not tested.,Public documentation; production access conditions to confirm.,unresolved,No dataset-specific redistribution grant established from the API index.,Not stated in reviewed index.,Period statistics; revision cadence not established.,"Proposal: inventory eight linked measure families, then bounded period/category retrieval.",Proposal: compare metadata and re-read recent/revised periods; no confirmed change feed.,"Measure, period, geography, applicant origin/type; map regions with dated crosswalks.","Statistical facts; applications, grants and rights are distinct events.",UPRP records and WIPO/EPO aggregates can share underlying applications; do not sum providers.,review-next,documented,not-tested,"Confirm formats, periods and reuse conditions",https://uprp.gov.pl/pl/o-urzedzie/statystyki/api-do-statystyk,additional
EX-002,Patent Office of the Republic of Poland (UPRP),e-Wyszukiwarka industrial-property search,Poland,national-public,innovation; intellectual-property,patent; trademark; industrial-design; applicant,Public industrial-property records and BUP/WUP publication results.,Collection-dependent; full machine-readable backfile not established.,web-search; publication-documents,Public search described; e-Profile supports search subscriptions.,Public discovery; bulk conditions unresolved.,unresolved,Search availability does not establish bulk redistribution rights.,No bulk/API quota established.,Source search/publication changes; exact feed semantics unverified.,Proposal: seek documented export/licensed bulk before entity-level backfill.,Proposal: use authorized publication/discovery route if available; no inferred crawler permission.,Official application/publication numbers and versioned classification codes; applicants need identity resolution.,"Separate application, publication, legal-status and applicant bridges; no entity matching by name alone.",EPO/WIPO may contain related family records; patent families differ from individual publications.,conditional,documented,not-tested,Automated/bulk access route; Reuse and applicant-field review,https://uprp.gov.pl/pl/uslugi-online/e-wyszukiwarka,additional
EX-003,Headquarters of the State Fire Service (KG PSP),Fire-service intervention statistics and current casualty summaries,Poland,national-public,public-safety; emergency-services,region; incident-aggregate,Published intervention tables and voivodeship casualty aggregates; not an assumed incident microdata feed.,Annual archive includes 2025 and earlier years; precise uniform schema/history needs inspection.,ZIP-files; HTML; CSV,Public publication/download pages.,Free public downloads.,dataset-specific,Attribution requested with KG PSP source and access date; archive points to dane.gov.pl licence records.,No numeric download quota documented on reviewed pages.,Annual archives; current casualty page states daily updates.,Proposal: inventory annual ZIP resources and validate each table schema.,Proposal: monitor resource revisions and snapshot current aggregates; distinguish cumulative from daily counts.,"Period, geographic code/name, incident category and measure.",Separate event-period aggregates from cumulative reporting snapshots; align population denominators explicitly.,Local fire reports and national totals may describe the same interventions.,review-next,documented,not-tested,Dataset-level licence; Current-summary time basis,https://www.gov.pl/web/kgpsp/interwencje-psp | https://www.gov.pl/web/kgpsp/ofiary-polska,additional
EX-004,European Patent Organisation (EPO),Open Patent Services (OPS),multicountry,international-public,innovation; intellectual-property,patent-publication; patent-family; applicant,"Patent bibliographic, family and other supported record services; coverage varies by collection.",Historical/current collections; country/full-text completeness must be scoped.,REST-API; XML,Registration and OAuth credentials.,Mixed: official free threshold and paid larger-volume subscription.,restricted,Terms allow inclusion in own products; prohibit making or distributing data as such. Product use needs explicit rights review.,Official OPS page: free up to 4 GB/week; fair-use limits also apply.,Record/publication updates; version-specific discovery to confirm.,Proposal: partition licensed collection within shared weekly quota; evaluate official bulk product for large backfiles.,Proposal: bounded publication-window retrieval plus legal-status/family reconciliation.,"Publication/application numbers, country/kind codes, families and classifications.","Publication, family and legal event grains are distinct; link applicant identities cautiously.",UPRP and WIPO records may represent related patent-family members.,conditional,documented,not-tested,Product vs raw redistribution boundary; Sustainable history volume,https://www.epo.org/en/searching-for-patents/data/web-services/ops | https://www.epo.org/en/service-support/ordering/terms-and-conditions/ops-terms-and-conditions,additional
